elapsed time,opti x,opti y,opti theta,safety_value,throttle,steering,current,voltage,IMU[0],IMU[1],IMU[2],velocity,opti time
0.098919868,0.10057956725358963,0.5638098120689392,-0.5419666171073914,1.0,-1.0,-0.9691152572631836,0.0,0.0,0.0,0.0,0.0,0.0,1687790424.4320307
0.19890761300000004,-0.02698199450969696,0.6151586771011353,-0.7728182077407837,1.0,-1.0,-0.9691152572631836,0.0,0.0,0.0,0.0,0.0,0.0,1687790424.5319908
0.29889369,-0.17213784158229828,0.6976701021194458,-0.9484934210777283,1.0,-1.0,-0.9691152572631836,0.0,0.0,0.0,0.0,0.0,0.0,1687790424.6318548
0.39897036500000005,-0.32340607047080994,0.8226238489151001,-1.1627867221832275,1.0,-1.0,-0.9691152572631836,0.0,0.0,0.0,0.0,0.0,0.0,1687790424.731733
0.49913144099999995,-0.39999300241470337,0.9414335489273071,-1.3704148530960083,1.0,-1.0,-0.9691152572631836,0.0,0.0,0.0,0.0,0.0,0.0,1687790424.8318894
0.599225044,-0.4663853347301483,1.159449577331543,-1.7377784252166748,1.0,-1.0,-0.9691152572631836,0.0,0.0,0.0,0.0,0.0,0.0,1687790424.9318578
0.699128627,-0.4995109438896179,1.3422772884368896,-1.9114898443222046,1.0,-1.0,-0.9691152572631836,0.0,0.0,0.0,0.0,0.0,0.0,1687790425.0317693
0.798905372,-0.48930272459983826,1.480255365371704,-2.065612316131592,1.0,-1.0,-0.9691152572631836,0.0,0.0,0.0,0.0,0.0,0.0,1687790425.1322014
0.899247169,-0.47364795207977295,1.5555890798568726,-2.1504921913146973,1.0,-1.0,-0.9691152572631836,0.0,0.0,0.0,0.0,0.0,0.0,1687790425.2319694
0.999193668,-0.35719984769821167,1.8271785974502563,-2.4950127601623535,1.0,-1.0,-0.9691152572631836,0.0,0.0,0.0,0.0,0.0,0.0,1687790425.3316398
1.0991306299999999,-0.22935399413108826,1.9814413785934448,-2.7591450214385986,1.0,-1.0,-0.9691152572631836,0.0,0.0,0.0,0.0,0.0,0.0,1687790425.4319234
1.199209451,-0.07093195617198944,2.1055731773376465,-2.9697248935699463,1.0,-1.0,-0.9691152572631836,0.0,0.0,0.0,0.0,0.0,0.0,1687790425.5318894
1.299055814,0.11380304396152496,2.194575309753418,3.0946342945098877,1.0,-1.0,-0.9691152572631836,0.0,0.0,0.0,0.0,0.0,0.0,1687790425.6318254
1.399197101,0.2983458638191223,2.234449625015259,2.882235288619995,1.0,-1.0,-0.9691152572631836,0.0,0.0,0.0,0.0,0.0,0.0,1687790425.7318547
1.498933315,0.4865049123764038,2.241680860519409,2.6275863647460938,1.0,-1.0,-0.9691152572631836,0.0,0.0,0.0,0.0,0.0,0.0,1687790425.831933
1.598908186,0.5049605369567871,2.2428643703460693,2.6610076427459717,1.0,-1.0,-0.9691152572631836,0.0,0.0,0.0,0.0,0.0,0.0,1687790425.932103
1.6989254950000001,0.5049605369567871,2.2428643703460693,2.6610076427459717,1.0,-1.0,-0.9691152572631836,0.0,0.0,0.0,0.0,0.0,0.0,1687790426.0315337
1.799149751,0.5049605369567871,2.2428643703460693,2.6610076427459717,1.0,-1.0,-0.9691152572631836,0.0,0.0,0.0,0.0,0.0,0.0,1687790426.1321893
1.899581909,0.5049605369567871,2.2428643703460693,2.6610076427459717,1.0,-1.0,-0.9691152572631836,0.0,0.0,0.0,0.0,0.0,0.0,1687790426.2319226
1.999152183,1.232598900794983,1.7470567226409912,1.674372911453247,1.0,-1.0,-0.9691152572631836,0.0,0.0,0.0,0.0,0.0,0.0,1687790426.3318825
2.099135875,1.2481703758239746,1.6953239440917969,1.6325188875198364,1.0,-1.0,-0.9691152572631836,0.0,0.0,0.0,0.0,0.0,0.0,1687790426.4319606
2.199192762,1.2481703758239746,1.6953239440917969,1.6325188875198364,1.0,-1.0,-0.9691152572631836,0.0,0.0,0.0,0.0,0.0,0.0,1687790426.5318136
2.299142122,1.3180643320083618,1.1850067377090454,1.0090110301971436,1.0,-1.0,-0.9691152572631836,0.0,0.0,0.0,0.0,0.0,0.0,1687790426.6319628
2.399131298,1.2715696096420288,1.017994999885559,0.790723979473114,1.0,-1.0,-0.9691152572631836,0.0,0.0,0.0,0.0,0.0,0.0,1687790426.7316542
2.499195575,1.1752327680587769,0.8189187049865723,0.5728287100791931,1.0,-1.0,-0.9691152572631836,0.0,0.0,0.0,0.0,0.0,0.0,1687790426.8319972
2.599113226,1.0535598993301392,0.6819320917129517,0.334805965423584,1.0,-1.0,-0.9691152572631836,0.0,0.0,0.0,0.0,0.0,0.0,1687790426.9321105
2.69909358,0.9187924265861511,0.5755394101142883,0.1906934380531311,1.0,-1.0,-0.9691152572631836,0.0,0.0,0.0,0.0,0.0,0.0,1687790427.031799
2.798929929,0.7375504374504089,0.4873398244380951,-0.026247765868902206,1.0,-1.0,-0.9691152572631836,0.0,0.0,0.0,0.0,0.0,0.0,1687790427.132091
2.898978948,0.5561909079551697,0.4428100883960724,-0.235072061419487,1.0,-1.0,-0.9691152572631836,0.0,0.0,0.0,0.0,0.0,0.0,1687790427.232018
2.999053478,0.3676036596298218,0.43447500467300415,-0.4136362075805664,1.0,-1.0,-0.9691152572631836,0.0,0.0,0.0,0.0,0.0,0.0,1687790427.3319736
3.098909616,0.1806204617023468,0.4670800268650055,-0.618943989276886,1.0,-1.0,-0.9691152572631836,0.0,0.0,0.0,0.0,0.0,0.0,1687790427.4320889
3.199105024,0.021507252007722855,0.5273475050926208,-0.8742329478263855,1.0,-1.0,-0.9691152572631836,0.0,0.0,0.0,0.0,0.0,0.0,1687790427.531925
3.299179077,-0.14668460190296173,0.6441441774368286,-1.0774537324905396,1.0,-1.0,-0.9691152572631836,0.0,0.0,0.0,0.0,0.0,0.0,1687790427.6320436
3.3990795609999997,-0.27225884795188904,0.7684484720230103,-1.3109948635101318,1.0,-1.0,-0.9691152572631836,0.0,0.0,0.0,0.0,0.0,0.0,1687790427.7318313
3.499069452,-0.3347433805465698,0.8548843860626221,-1.4798626899719238,1.0,-1.0,-0.9691152572631836,0.0,0.0,0.0,0.0,0.0,0.0,1687790427.8320625
3.599131584,-0.3347433805465698,0.8548843860626221,-1.4798626899719238,1.0,-1.0,-0.9691152572631836,0.0,0.0,0.0,0.0,0.0,0.0,1687790427.9319434
3.698985576,-0.4433978497982025,1.2915105819702148,-1.9464527368545532,1.0,-1.0,-0.9691152572631836,0.0,0.0,0.0,0.0,0.0,0.0,1687790428.0319438
3.798898697,-0.43284308910369873,1.4311494827270508,-2.113431453704834,1.0,-1.0,-0.9691152572631836,0.0,0.0,0.0,0.0,0.0,0.0,1687790428.1321008
3.898902893,-0.39027801156044006,1.5773550271987915,-2.3203694820404053,1.0,-1.0,-0.9691152572631836,0.0,0.0,0.0,0.0,0.0,0.0,1687790428.23195
3.998943328,-0.27632802724838257,1.7932502031326294,-2.6133251190185547,1.0,-1.0,-0.9691152572631836,0.0,0.0,0.0,0.0,0.0,0.0,1687790428.3320396
4.098925113,-0.22897259891033173,1.8552887439727783,-2.732647657394409,1.0,-1.0,-0.9691152572631836,0.0,0.0,0.0,0.0,0.0,0.0,1687790428.431725
4.198878049,0.011793751269578934,2.04372501373291,-3.059556245803833,1.0,-1.0,-0.9691152572631836,0.0,0.0,0.0,0.0,0.0,0.0,1687790428.5320995
4.298971414,0.18444286286830902,2.109799861907959,3.018692970275879,1.0,-1.0,-0.9691152572631836,0.0,0.0,0.0,0.0,0.0,0.0,1687790428.6321926
4.398891449,0.36853286623954773,2.1445248126983643,2.8244009017944336,1.0,-1.0,-0.9691152572631836,0.0,0.0,0.0,0.0,0.0,0.0,1687790428.731886
4.498914718,0.5190337300300598,2.1379592418670654,2.6501331329345703,1.0,-1.0,-0.9691152572631836,0.0,0.0,0.0,0.0,0.0,0.0,1687790428.8322399
4.599151373,0.5190337300300598,2.1379592418670654,2.6501331329345703,1.0,-1.0,-0.9691152572631836,0.0,0.0,0.0,0.0,0.0,0.0,1687790428.9318078
4.699277877,0.5190337300300598,2.1379592418670654,2.6501331329345703,1.0,-1.0,-0.9691152572631836,0.0,0.0,0.0,0.0,0.0,0.0,1687790429.0319097
4.798901319,0.5190337300300598,2.1379592418670654,2.6501331329345703,1.0,-1.0,-0.9691152572631836,0.0,0.0,0.0,0.0,0.0,0.0,1687790429.1319242
4.899032831,0.5190337300300598,2.1379592418670654,2.6501331329345703,1.0,-1.0,-0.9691152572631836,0.0,0.0,0.0,0.0,0.0,0.0,1687790429.23202
4.999186515,0.5190337300300598,2.1379592418670654,2.6501331329345703,1.0,-1.0,-0.9691152572631836,0.0,0.0,0.0,0.0,0.0,0.0,1687790429.3321624
5.099681377,0.5190337300300598,2.1379592418670654,2.6501331329345703,1.0,-1.0,0.0,0.0,0.0,0.0,0.0,0.0,0.0,1687790429.4318898
5.199143886,1.3016191720962524,1.2346739768981934,1.0961891412734985,1.0,-1.0,0.0,0.0,0.0,0.0,0.0,0.0,0.0,1687790429.5319517
5.299246549,1.2665101289749146,1.0538870096206665,0.9301682710647583,1.0,-1.0,0.0,0.0,0.0,0.0,0.0,0.0,0.0,1687790429.6320121
5.3991847029999995,1.1907340288162231,0.8919197916984558,0.8127490282058716,1.0,-1.0,1.0,0.0,0.0,0.0,0.0,0.0,0.0,1687790429.7319229
5.499179363,1.0917638540267944,0.7581295967102051,0.776705801486969,1.0,-1.0,1.0,0.0,0.0,0.0,0.0,0.0,0.0,1687790429.8317037
5.598868846,0.9352537393569946,0.6204316020011902,0.9806705117225647,1.0,-1.0,1.0,0.0,0.0,0.0,0.0,0.0,0.0,1687790429.9318144
5.698993206,0.7924845814704895,0.4824768602848053,1.3163206577301025,1.0,-1.0,0.4535965919494629,0.0,0.0,0.0,0.0,0.0,0.0,1687790430.0320222
5.79902935,0.6808168292045593,0.321673184633255,1.5872066020965576,1.0,-1.0,0.0,0.0,0.0,0.0,0.0,0.0,0.0,1687790430.1320941
5.899003982,0.6114816665649414,0.1436985731124878,1.827256679534912,1.0,-1.0,0.0,0.0,0.0,0.0,0.0,0.0,0.0,1687790430.2321548
5.999172926,0.587410032749176,-0.03681470453739166,1.9868401288986206,1.0,-1.0,-0.12372203916311264,0.0,0.0,0.0,0.0,0.0,0.0,1687790430.3318152
6.099202394,0.6067629456520081,-0.21089614927768707,2.0596346855163574,1.0,-1.0,-0.9897457957267761,0.0,0.0,0.0,0.0,0.0,0.0,1687790430.431935
6.199123382,0.6643514037132263,-0.3779003322124481,1.9786268472671509,1.0,-1.0,-0.9897457957267761,0.0,0.0,0.0,0.0,0.0,0.0,1687790430.531877
6.299075365,0.7434257864952087,-0.5353777408599854,1.6735870838165283,1.0,-1.0,-0.9897457957267761,0.0,0.0,0.0,0.0,0.0,0.0,1687790430.6321673
6.399086475,0.7974203824996948,-0.7050454616546631,1.330751657485962,1.0,-1.0,0.0,0.0,0.0,0.0,0.0,0.0,0.0,1687790430.7322118
6.499162197,0.80584716796875,-0.8846604824066162,1.06266188621521,1.0,-1.0,0.8041322231292725,0.0,0.0,0.0,0.0,0.0,0.0,1687790430.8323858
6.59900546,0.7795293927192688,-1.0627033710479736,0.9187703132629395,1.0,-1.0,1.0,0.0,0.0,0.0,0.0,0.0,0.0,1687790430.9318805
6.699094057,0.7113263010978699,-1.2112747430801392,0.808732807636261,1.0,-1.0,1.0,0.0,0.0,0.0,0.0,0.0,0.0,1687790431.031702
6.799314499,0.7113263010978699,-1.2112747430801392,0.808732807636261,1.0,-1.0,1.0,0.0,0.0,0.0,0.0,0.0,0.0,1687790431.1319244
6.899078607,0.7113263010978699,-1.2112747430801392,0.808732807636261,1.0,-1.0,0.886623740196228,0.0,0.0,0.0,0.0,0.0,0.0,1687790431.231686
6.998888969,0.3504536747932434,-1.605056643486023,1.3791183233261108,1.0,-0.9072237014770508,0.0,0.0,0.0,0.0,0.0,0.0,0.0,1687790431.3322437
7.098919391,0.26119762659072876,-1.7660659551620483,1.643462896347046,1.0,0.0,0.0,0.0,0.0,0.0,0.0,0.0,0.0,1687790431.4322102
7.198946476,0.21103860437870026,-1.9329829216003418,1.8071908950805664,1.0,1.0,0.0,0.0,0.0,0.0,0.0,0.0,0.0,1687790431.532004
7.298983097,0.19733071327209473,-2.080092430114746,1.9663658142089844,1.0,1.0,0.0,0.0,0.0,0.0,0.0,0.0,0.0,1687790431.632009
7.399135351,0.1794152557849884,-2.1727612018585205,2.0577027797698975,1.0,1.0,0.0,0.0,0.0,0.0,0.0,0.0,0.0,1687790431.732017
7.499179601,0.15772098302841187,-2.2146151065826416,2.216756820678711,1.0,0.36085087060928345,0.0,0.0,0.0,0.0,0.0,0.0,0.0,1687790431.8319068
7.599086761,0.11883208155632019,-2.2073731422424316,2.3292737007141113,1.0,0.0,0.0,0.0,0.0,0.0,0.0,0.0,0.0,1687790431.9319594
7.699054718,0.07476850599050522,-2.1638410091400146,2.3691446781158447,1.0,1.0,0.0,0.0,0.0,0.0,0.0,0.0,0.0,1687790432.032114
7.799236297,0.03481703996658325,-2.117863893508911,2.359043598175049,1.0,1.0,0.0,0.0,0.0,0.0,0.0,0.0,0.0,1687790432.1319613
7.899175644,-0.03514835238456726,-2.0381979942321777,2.351125478744507,1.0,1.0,0.03091525100171566,0.0,0.0,0.0,0.0,0.0,0.0,1687790432.2319357
7.999200105,-0.1303769201040268,-1.9225869178771973,2.3251190185546875,1.0,1.0,1.0,0.0,0.0,0.0,0.0,0.0,0.0,1687790432.3318808
8.099137783,-0.24617627263069153,-1.7751531600952148,2.2752580642700195,1.0,1.0,1.0,0.0,0.0,0.0,0.0,0.0,0.0,1687790432.4320257
8.199270248,-0.3649454414844513,-1.5929569005966187,2.1543033123016357,1.0,1.0,1.0,0.0,0.0,0.0,0.0,0.0,0.0,1687790432.5318794
8.298996448,-0.4652813971042633,-1.3807928562164307,1.9420926570892334,1.0,1.0,1.0,0.0,0.0,0.0,0.0,0.0,0.0,1687790432.6315703
8.399017572,-0.5320210456848145,-1.1445043087005615,1.7432010173797607,1.0,1.0,1.0,0.0,0.0,0.0,0.0,0.0,0.0,1687790432.7319107
8.499079704,-0.5618653893470764,-0.8961486220359802,1.5657172203063965,1.0,1.0,1.0,0.0,0.0,0.0,0.0,0.0,0.0,1687790432.8321579
8.598973751,-0.5528773665428162,-0.638878345489502,1.4090847969055176,1.0,1.0,1.0,0.0,0.0,0.0,0.0,0.0,0.0,1687790432.9318795
8.699229002,-0.5020256638526917,-0.3808020055294037,1.2917405366897583,1.0,1.0,1.0,0.0,0.0,0.0,0.0,0.0,0.0,1687790433.032256
8.799125194,-0.4110880196094513,-0.12265492230653763,1.1789544820785522,1.0,0.8763390183448792,1.0,0.0,0.0,0.0,0.0,0.0,0.0,1687790433.1318989
8.899067401,-0.2894364595413208,0.1389189213514328,0.9257103204727173,1.0,0.0,-0.18558305501937866,0.0,0.0,0.0,0.0,0.0,0.0,1687790433.2319667
8.998945951,-0.11603175848722458,0.3552732765674591,0.8406115174293518,1.0,0.0,-0.9794304966926575,0.0,0.0,0.0,0.0,0.0,0.0,1687790433.332125
9.099067449,0.06336659938097,0.5447113513946533,0.6776201128959656,1.0,0.0,-0.9794304966926575,0.0,0.0,0.0,0.0,0.0,0.0,1687790433.431766
9.199185371,0.23399600386619568,0.7028443217277527,0.8031308650970459,1.0,0.0,-0.9794304966926575,0.0,0.0,0.0,0.0,0.0,0.0,1687790433.5317867
9.299026727,0.36769798398017883,0.8612566590309143,1.0795001983642578,1.0,0.4123966097831726,-0.9794304966926575,0.0,0.0,0.0,0.0,0.0,0.0,1687790433.631966
9.399114847,0.4462921619415283,1.0088406801223755,1.285410761833191,1.0,0.16498306393623352,-0.9794304966926575,0.0,0.0,0.0,0.0,0.0,0.0,1687790433.7321224
9.499015092,0.4616408348083496,1.034605860710144,1.3823192119598389,1.0,0.0,-0.9794304966926575,0.0,0.0,0.0,0.0,0.0,0.0,1687790433.8319752
9.599023342,0.4616408348083496,1.034605860710144,1.3823192119598389,1.0,0.16498306393623352,-0.9794304966926575,0.0,0.0,0.0,0.0,0.0,0.0,1687790433.9318452
9.699078559,0.4616408348083496,1.034605860710144,1.3823192119598389,1.0,0.6804406642913818,-0.9794304966926575,0.0,0.0,0.0,0.0,0.0,0.0,1687790434.032177
9.798922538,0.4666661322116852,1.68132483959198,2.0123867988586426,1.0,0.5464339256286621,-0.9794304966926575,0.0,0.0,0.0,0.0,0.0,0.0,1687790434.1319032
9.899013757,0.3838549554347992,1.8327621221542358,2.215944290161133,1.0,0.0,-0.9794304966926575,0.0,0.0,0.0,0.0,0.0,0.0,1687790434.2321212
9.998907566,0.2718387246131897,1.9792978763580322,2.3712964057922363,1.0,0.0,-0.9794304966926575,0.0,0.0,0.0,0.0,0.0,0.0,1687790434.3319447
10.099151373,0.1507197469472885,2.0834810733795166,2.583390712738037,1.0,0.12372203916311264,-0.9794304966926575,0.0,0.0,0.0,0.0,0.0,0.0,1687790434.431757
10.199241161,0.034599583595991135,2.1432480812072754,2.733891248703003,1.0,0.9175695180892944,-0.9794304966926575,0.0,0.0,0.0,0.0,0.0,0.0,1687790434.5319676
10.299202442,-0.05271599441766739,2.1760940551757812,2.9377334117889404,1.0,0.9072542786598206,-0.9794304966926575,0.0,0.0,0.0,0.0,0.0,0.0,1687790434.6319444
10.399137497,-0.14197507500648499,2.185999631881714,3.0429348945617676,1.0,0.9072542786598206,-0.9794304966926575,0.0,0.0,0.0,0.0,0.0,0.0,1687790434.7321656
10.499132156,-0.3421515226364136,2.1800789833068848,-3.1328396797180176,1.0,0.9072542786598206,-0.9794304966926575,0.0,0.0,0.0,0.0,0.0,0.0,1687790434.8321354
10.599025488,-0.3421515226364136,2.1800789833068848,-3.1328396797180176,1.0,0.1031220406293869,-0.9794304966926575,0.0,0.0,0.0,0.0,0.0,0.0,1687790434.932066
10.699070215,-0.3421515226364136,2.1800789833068848,-3.1328396797180176,1.0,0.0,-0.9794304966926575,0.0,0.0,0.0,0.0,0.0,0.0,1687790435.0323763
10.798918008,-0.3421515226364136,2.1800789833068848,-3.1328396797180176,1.0,0.556718647480011,-0.9794304966926575,0.0,0.0,0.0,0.0,0.0,0.0,1687790435.1321824
10.898996353,-0.3421515226364136,2.1800789833068848,-3.1328396797180176,1.0,0.0,-0.9794304966926575,0.0,0.0,0.0,0.0,0.0,0.0,1687790435.2319858
10.998941183,-0.3421515226364136,2.1800789833068848,-3.1328396797180176,1.0,0.0,-0.9794304966926575,0.0,0.0,0.0,0.0,0.0,0.0,1687790435.3319128
11.098843336,-0.3421515226364136,2.1800789833068848,-3.1328396797180176,1.0,0.8660237193107605,-0.9794304966926575,0.0,0.0,0.0,0.0,0.0,0.0,1687790435.4320788
11.198904275,-0.3421515226364136,2.1800789833068848,-3.1328396797180176,1.0,1.0,-0.9794304966926575,0.0,0.0,0.0,0.0,0.0,0.0,1687790435.5321147
11.298887968,-1.5122790336608887,1.4255810976028442,-1.6568751335144043,1.0,1.0,-0.9794304966926575,0.0,0.0,0.0,0.0,0.0,0.0,1687790435.6319232
11.399064302,-1.5122790336608887,1.4255810976028442,-1.6568751335144043,1.0,1.0,-0.9794304966926575,0.0,0.0,0.0,0.0,0.0,0.0,1687790435.731915
11.499202251,-1.5122790336608887,1.4255810976028442,-1.6568751335144043,1.0,1.0,-0.9794304966926575,0.0,0.0,0.0,0.0,0.0,0.0,1687790435.8321776
11.59904623,-1.5122790336608887,1.4255810976028442,-1.6568751335144043,1.0,1.0,-0.9794304966926575,0.0,0.0,0.0,0.0,0.0,0.0,1687790435.9319887
11.6990242,-1.5122790336608887,1.4255810976028442,-1.6568751335144043,1.0,1.0,-0.9794304966926575,0.0,0.0,0.0,0.0,0.0,0.0,1687790436.0319
11.798872709,-1.098712682723999,0.15553605556488037,-0.8083320260047913,1.0,1.0,-0.9794304966926575,0.0,0.0,0.0,0.0,0.0,0.0,1687790436.1322744
11.898932933,-0.9666253924369812,-0.003180338069796562,-0.7154392600059509,1.0,1.0,-0.9794304966926575,0.0,0.0,0.0,0.0,0.0,0.0,1687790436.2317352
11.999031066,-0.690531313419342,-0.26429566740989685,-0.5318408608436584,1.0,1.0,0.26804405450820923,0.0,0.0,0.0,0.0,0.0,0.0,1687790436.3317032
12.099140405,-0.4444260597229004,-0.43119189143180847,-0.4432124197483063,1.0,1.0,1.0,0.0,0.0,0.0,0.0,0.0,0.0,1687790436.4317117
12.199247598,-0.1713489294052124,-0.576725423336029,-0.3670954704284668,1.0,1.0,1.0,0.0,0.0,0.0,0.0,0.0,0.0,1687790436.5321653
12.299231767,0.11865917593240738,-0.73957759141922,-0.5527448058128357,1.0,1.0,1.0,0.0,0.0,0.0,0.0,0.0,0.0,1687790436.6319544
12.398946046,0.3885469436645508,-0.9390742778778076,-0.7915164828300476,1.0,0.0,1.0,0.0,0.0,0.0,0.0,0.0,0.0,1687790436.7320523
12.498922585999999,0.6128882765769958,-1.1427936553955078,-0.944242537021637,1.0,0.0,1.0,0.0,0.0,0.0,0.0,0.0,0.0,1687790436.8321621
12.598943472,0.7391613125801086,-1.3005757331848145,-1.0992871522903442,1.0,0.0,1.0,0.0,0.0,0.0,0.0,0.0,0.0,1687790436.9320555
12.698892116,0.7391613125801086,-1.3005757331848145,-1.0992871522903442,1.0,0.0,1.0,0.0,0.0,0.0,0.0,0.0,0.0,1687790437.0320835
12.798968076,0.7391613125801086,-1.3005757331848145,-1.0992871522903442,1.0,0.0,1.0,0.0,0.0,0.0,0.0,0.0,0.0,1687790437.1321254
12.899122238,0.7391613125801086,-1.3005757331848145,-1.0992871522903442,1.0,0.1340373009443283,1.0,0.0,0.0,0.0,0.0,0.0,0.0,1687790437.23231
12.999239921,1.1573326587677002,-2.1547796726226807,-2.0146191120147705,1.0,0.5773491859436035,1.0,0.0,0.0,0.0,0.0,0.0,0.0,1687790437.3319337
13.099205732,1.158054232597351,-2.2700035572052,-2.193269729614258,1.0,0.6804406642913818,1.0,0.0,0.0,0.0,0.0,0.0,0.0,1687790437.4321332
13.199114322,1.1213232278823853,-2.3757245540618896,-2.3249683380126953,1.0,0.6392101645469666,1.0,0.0,0.0,0.0,0.0,0.0,0.0,1687790437.5318706
13.299225807,1.0396031141281128,-2.4767677783966064,-2.3845930099487305,1.0,0.0,1.0,0.0,0.0,0.0,0.0,0.0,0.0,1687790437.6320918
13.399226188,0.9247786402702332,-2.5703444480895996,-2.486180543899536,1.0,0.0,1.0,0.0,0.0,0.0,0.0,0.0,0.0,1687790437.732233
13.50308299,0.8029154539108276,-2.630246162414551,-2.65898060798645,1.0,0.0,1.0,0.0,0.0,0.0,0.0,0.0,0.0,1687790437.8404822
13.598964214,0.703496515750885,-2.64974045753479,-2.8407678604125977,1.0,0.22681356966495514,1.0,0.0,0.0,0.0,0.0,0.0,0.0,1687790437.9323766
13.699333667,0.6017846465110779,-2.6469907760620117,-3.0603995323181152,1.0,0.8969389796257019,1.0,0.0,0.0,0.0,0.0,0.0,0.0,1687790438.0319407
13.799101114,0.4978979229927063,-2.625335454940796,3.0126943588256836,1.0,0.8763390183448792,1.0,0.0,0.0,0.0,0.0,0.0,0.0,1687790438.131924
13.899018287,0.36746156215667725,-2.5725295543670654,2.8057684898376465,1.0,1.0,1.0,0.0,0.0,0.0,0.0,0.0,0.0,1687790438.231965
13.999245166,0.21859608590602875,-2.4854085445404053,2.6020660400390625,1.0,1.0,1.0,0.0,0.0,0.0,0.0,0.0,0.0,1687790438.3318996
14.099047899,0.07160712778568268,-2.3608641624450684,2.362198829650879,1.0,1.0,1.0,0.0,0.0,0.0,0.0,0.0,0.0,1687790438.4320638
14.199038982,-0.057874251157045364,-2.197565793991089,2.1787424087524414,1.0,1.0,0.0,0.0,0.0,0.0,0.0,0.0,0.0,1687790438.5320842
14.298975944,-0.17097894847393036,-2.001345157623291,1.945884346961975,1.0,1.0,0.0,0.0,0.0,0.0,0.0,0.0,0.0,1687790438.6317475
14.399113655,-0.24422882497310638,-1.7780423164367676,1.8683059215545654,1.0,1.0,0.0,0.0,0.0,0.0,0.0,0.0,0.0,1687790438.7322035
14.499289035,-0.3114232122898102,-1.5278394222259521,1.8802732229232788,1.0,1.0,0.0,0.0,0.0,0.0,0.0,0.0,0.0,1687790438.8319893
14.59912157,-0.37898731231689453,-1.255464792251587,1.878597617149353,1.0,1.0,0.0,0.0,0.0,0.0,0.0,0.0,0.0,1687790438.932222
14.699040174,-0.4475749433040619,-0.9641088247299194,1.8499257564544678,1.0,1.0,0.0,0.0,0.0,0.0,0.0,0.0,0.0,1687790439.0321522
14.798945665,-0.5101546049118042,-0.6507844924926758,1.77797532081604,1.0,0.7423017024993896,0.0,0.0,0.0,0.0,0.0,0.0,0.0,1687790439.13192
14.899121523,-0.5561357736587524,-0.31949466466903687,1.7220839262008667,1.0,0.0,0.0,0.0,0.0,0.0,0.0,0.0,0.0,1687790439.2319865
14.99925661,-0.5793470740318298,0.021164868026971817,1.6469342708587646,1.0,-1.0,0.0,0.0,0.0,0.0,0.0,0.0,0.0,1687790439.3321931
15.099161863,-0.5883312821388245,0.33902961015701294,1.6001362800598145,1.0,-1.0,0.0,0.0,0.0,0.0,0.0,0.0,0.0,1687790439.432089
15.199099302,-0.5970734357833862,0.6133305430412292,1.552497148513794,1.0,-1.0,0.0,0.0,0.0,0.0,0.0,0.0,0.0,1687790439.5319462
15.298921585,-0.5917189121246338,0.6309232115745544,1.551085114479065,1.0,-1.0,0.0,0.0,0.0,0.0,0.0,0.0,0.0,1687790439.6319103
15.398982763,-0.5917189121246338,0.6309232115745544,1.551085114479065,1.0,-1.0,-0.03094576857984066,0.0,0.0,0.0,0.0,0.0,0.0,1687790439.7319
15.498919248,-0.5917189121246338,0.6309232115745544,1.551085114479065,1.0,-1.0,-0.9897457957267761,0.0,0.0,0.0,0.0,0.0,0.0,1687790439.83207
15.599050998,-0.5917189121246338,0.6309232115745544,1.551085114479065,1.0,-1.0,-0.9897457957267761,0.0,0.0,0.0,0.0,0.0,0.0,1687790439.9321816
15.699342012,-0.5917189121246338,0.6309232115745544,1.551085114479065,1.0,-1.0,-0.9897457957267761,0.0,0.0,0.0,0.0,0.0,0.0,1687790440.0321333
15.799468517,-0.5917189121246338,0.6309232115745544,1.551085114479065,1.0,-1.0,-0.9897457957267761,0.0,0.0,0.0,0.0,0.0,0.0,1687790440.1318817
15.898919344,-0.5917189121246338,0.6309232115745544,1.551085114479065,1.0,-1.0,-0.9897457957267761,0.0,0.0,0.0,0.0,0.0,0.0,1687790440.2321296
15.999006271,-0.5917189121246338,0.6309232115745544,1.551085114479065,1.0,0.0,-0.9897457957267761,0.0,0.0,0.0,0.0,0.0,0.0,1687790440.3320138
16.099771976,-0.5917189121246338,0.6309232115745544,1.551085114479065,1.0,-1.0,-0.9897457957267761,0.0,0.0,0.0,0.0,0.0,0.0,1687790440.4320183
16.199472904,-0.5917189121246338,0.6309232115745544,1.551085114479065,1.0,-1.0,-0.9897457957267761,0.0,0.0,0.0,0.0,0.0,0.0,1687790440.5318744
16.299059629,-0.5921055674552917,1.3045241832733154,1.5290117263793945,1.0,-1.0,-0.9897457957267761,0.0,0.0,0.0,0.0,0.0,0.0,1687790440.6321206
16.398924827,-0.5688518285751343,1.246343970298767,1.5117734670639038,1.0,-1.0,-0.9897457957267761,0.0,0.0,0.0,0.0,0.0,0.0,1687790440.7322001
16.49896574,-0.5660141706466675,1.143234372138977,1.2815386056900024,1.0,-1.0,-0.9897457957267761,0.0,0.0,0.0,0.0,0.0,0.0,1687790440.8320906
16.598886013,-0.5835062265396118,1.0339264869689941,1.0726107358932495,1.0,-1.0,-0.9897457957267761,0.0,0.0,0.0,0.0,0.0,0.0,1687790440.9322927
16.69891715,-0.6293860077857971,0.917952835559845,0.8457890748977661,1.0,-1.0,-0.7217017412185669,0.0,0.0,0.0,0.0,0.0,0.0,1687790441.0319493
16.798977136,-0.705158531665802,0.802224338054657,0.6148937940597534,1.0,-1.0,-0.9897457957267761,0.0,0.0,0.0,0.0,0.0,0.0,1687790441.132152
16.898954868,-0.8154497742652893,0.6951054334640503,0.3849678039550781,1.0,-0.886623740196228,-0.7113864421844482,0.0,0.0,0.0,0.0,0.0,0.0,1687790441.2321606
16.998960495,-0.9479446411132812,0.6130518317222595,0.13656572997570038,1.0,0.39176610112190247,0.0,0.0,0.0,0.0,0.0,0.0,0.0,1687790441.3320732
17.098994016,-1.092346429824829,0.559991717338562,-0.07721126824617386,1.0,1.0,0.0,0.0,0.0,0.0,0.0,0.0,0.0,1687790441.4318926
17.199327468,-1.174782156944275,0.5408611297607422,-0.35551872849464417,1.0,1.0,0.0,0.0,0.0,0.0,0.0,0.0,0.0,1687790441.5320985
17.300327301,-1.174782156944275,0.5408611297607422,-0.35551872849464417,1.0,1.0,0.0,0.0,0.0,0.0,0.0,0.0,0.0,1687790441.632004
17.399317026,-1.174782156944275,0.5408611297607422,-0.35551872849464417,1.0,1.0,0.0,0.0,0.0,0.0,0.0,0.0,0.0,1687790441.732053
17.49891901,-1.174782156944275,0.5408611297607422,-0.35551872849464417,1.0,1.0,0.0,0.0,0.0,0.0,0.0,0.0,0.0,1687790441.8319583
17.598963022,-1.174782156944275,0.5408611297607422,-0.35551872849464417,1.0,1.0,0.0,0.0,0.0,0.0,0.0,0.0,0.0,1687790441.9320307
17.698955774,-1.2687712907791138,0.21508994698524475,-0.7226347327232361,1.0,1.0,0.06183050200343132,0.0,0.0,0.0,0.0,0.0,0.0,1687790442.0319493
17.799059391,-1.2687712907791138,0.21508994698524475,-0.7226347327232361,1.0,1.0,1.0,0.0,0.0,0.0,0.0,0.0,0.0,1687790442.1321383
17.89893341,-1.2687712907791138,0.21508994698524475,-0.7226347327232361,1.0,1.0,1.0,0.0,0.0,0.0,0.0,0.0,0.0,1687790442.2322736
17.998899459,-0.6550424098968506,-0.33154821395874023,-1.023095726966858,1.0,1.0,0.0,0.0,0.0,0.0,0.0,0.0,0.0,1687790442.332503
18.098879337,-0.5510145425796509,-0.5605624914169312,-1.2354260683059692,1.0,1.0,0.0,0.0,0.0,0.0,0.0,0.0,0.0,1687790442.432223
18.198886394,-0.4788116216659546,-0.8134593367576599,-1.3789294958114624,1.0,0.1340373009443283,0.0,0.0,0.0,0.0,0.0,0.0,0.0,1687790442.531835
18.298961877,-0.43570902943611145,-1.0854637622833252,-1.3918638229370117,1.0,0.0,0.0,0.0,0.0,0.0,0.0,0.0,0.0,1687790442.6318316
18.399029731,-0.40155458450317383,-1.3515537977218628,-1.4058598279953003,1.0,0.0,0.0,0.0,0.0,0.0,0.0,0.0,0.0,1687790442.7320898
18.499225139,-0.3742281496524811,-1.6067070960998535,-1.4263801574707031,1.0,-1.0,0.0,0.0,0.0,0.0,0.0,0.0,0.0,1687790442.8319235
18.59919095,-0.3514646589756012,-1.8429152965545654,-1.454204797744751,1.0,-0.24741356074810028,0.0,0.0,0.0,0.0,0.0,0.0,0.0,1687790442.9318469
18.699039459,-0.3395085632801056,-2.027982711791992,-1.4825196266174316,1.0,0.0,0.0,0.0,0.0,0.0,0.0,0.0,0.0,1687790443.0319817
18.799161195,-0.33238518238067627,-2.1779444217681885,-1.485952615737915,1.0,-1.0,0.0,0.0,0.0,0.0,0.0,0.0,0.0,1687790443.1321924
18.899121999,-0.3290140628814697,-2.335271120071411,-1.5007307529449463,1.0,-1.0,0.0,0.0,0.0,0.0,0.0,0.0,0.0,1687790443.2319283
18.999120473,-0.3260548710823059,-2.426274299621582,-1.494017243385315,1.0,-1.0,0.0,0.0,0.0,0.0,0.0,0.0,0.0,1687790443.3321562
19.099356889,-0.32672566175460815,-2.4663686752319336,-1.4729562997817993,1.0,-1.0,0.0,0.0,0.0,0.0,0.0,0.0,0.0,1687790443.432093
19.199445486,-0.32720059156417847,-2.461245059967041,-1.4689990282058716,1.0,-1.0,0.0,0.0,0.0,0.0,0.0,0.0,0.0,1687790443.5319867
19.298938274,-0.3273124694824219,-2.419623851776123,-1.4684697389602661,1.0,-1.0,0.0,0.0,0.0,0.0,0.0,0.0,0.0,1687790443.6321225
19.398905515,-0.3296477198600769,-2.347574472427368,-1.466079592704773,1.0,-1.0,0.0,0.0,0.0,0.0,0.0,0.0,0.0,1687790443.7322905
19.49891591,-0.33463048934936523,-2.250988721847534,-1.4700281620025635,1.0,-1.0,-0.22681356966495514,0.0,0.0,0.0,0.0,0.0,0.0,1687790443.8318129
19.598930358,-0.34092608094215393,-2.1307153701782227,-1.4580906629562378,1.0,-1.0,0.0,0.0,0.0,0.0,0.0,0.0,0.0,1687790443.9325712
19.699067592,-0.34890806674957275,-1.997815489768982,-1.4835975170135498,1.0,-1.0,-0.19589830935001373,0.0,0.0,0.0,0.0,0.0,0.0,1687790444.031892
19.799326419,-0.35713186860084534,-1.8458753824234009,-1.5156646966934204,1.0,-1.0,-0.9794304966926575,0.0,0.0,0.0,0.0,0.0,0.0,1687790444.1319933
19.899028539,-0.3617570698261261,-1.6816164255142212,-1.583673119544983,1.0,-1.0,-0.9794304966926575,0.0,0.0,0.0,0.0,0.0,0.0,1687790444.232195
19.999134063,-0.3677537441253662,-1.5146898031234741,-1.837090253829956,1.0,-1.0,-0.9794304966926575,0.0,0.0,0.0,0.0,0.0,0.0,1687790444.3320458
20.099930763,-0.35077276825904846,-1.34287428855896,-2.1374905109405518,1.0,-1.0,-0.9794304966926575,0.0,0.0,0.0,0.0,0.0,0.0,1687790444.4319744
20.199077367,-0.2953587770462036,-1.1731665134429932,-2.3864681720733643,1.0,-1.0,-0.9794304966926575,0.0,0.0,0.0,0.0,0.0,0.0,1687790444.5319977
20.299079895,-0.20151008665561676,-1.023565411567688,-2.6319046020507812,1.0,-1.0,-0.9794304966926575,0.0,0.0,0.0,0.0,0.0,0.0,1687790444.6320176
20.39922142,-0.07706350833177567,-0.8990229964256287,-2.8805408477783203,1.0,-1.0,-0.9588000178337097,0.0,0.0,0.0,0.0,0.0,0.0,1687790444.7322092
20.499020099,0.0730234906077385,-0.8077393770217896,-3.128796339035034,1.0,1.0,0.0,0.0,0.0,0.0,0.0,0.0,0.0,1687790444.832251
20.598923683,0.23278893530368805,-0.7564164996147156,2.932650566101074,1.0,1.0,0.0,0.0,0.0,0.0,0.0,0.0,0.0,1687790444.9321198
20.698843956,0.3509770929813385,-0.7152746319770813,2.7413554191589355,1.0,1.0,0.8659932017326355,0.0,0.0,0.0,0.0,0.0,0.0,1687790445.0322933
20.798928499,0.42028409242630005,-0.6736887097358704,2.6214404106140137,1.0,1.0,1.0,0.0,0.0,0.0,0.0,0.0,0.0,1687790445.1320057
20.898884058,0.44009846448898315,-0.6150343418121338,2.4312334060668945,1.0,1.0,1.0,0.0,0.0,0.0,0.0,0.0,0.0,1687790445.2321706
20.999103546,0.4191531836986542,-0.5272095799446106,2.15122127532959,1.0,1.0,1.0,0.0,0.0,0.0,0.0,0.0,0.0,1687790445.332308
21.099112749,0.3866400420665741,-0.40593791007995605,1.9419183731079102,1.0,1.0,1.0,0.0,0.0,0.0,0.0,0.0,0.0,1687790445.4322646
21.198951006,0.35445743799209595,-0.24555112421512604,1.708755612373352,1.0,1.0,1.0,0.0,0.0,0.0,0.0,0.0,0.0,1687790445.5322316
21.298866272,0.3703683316707611,-0.06603092700242996,1.466282606124878,1.0,1.0,0.0,0.0,0.0,0.0,0.0,0.0,0.0,1687790445.6322982
21.399097204,0.41223573684692383,0.1338241845369339,1.2621694803237915,1.0,1.0,0.0,0.0,0.0,0.0,0.0,0.0,0.0,1687790445.7319596
21.499047756,0.5000512599945068,0.33560559153556824,1.1238752603530884,1.0,1.0,0.0,0.0,0.0,0.0,0.0,0.0,0.0,1687790445.832114
21.599235057,0.6161374449729919,0.5488752126693726,1.0954309701919556,1.0,0.8969389796257019,-0.9588000178337097,0.0,0.0,0.0,0.0,0.0,0.0,1687790445.9320292
21.698888778,0.7500910758972168,0.7772938013076782,1.1085306406021118,1.0,-0.5876339077949524,-0.9897457957267761,0.0,0.0,0.0,0.0,0.0,0.0,1687790446.032048
21.798895359,0.8707355260848999,1.0210700035095215,1.2331526279449463,1.0,-0.8453627228736877,-0.9897457957267761,0.0,0.0,0.0,0.0,0.0,0.0,1687790446.1317675
21.898875713,0.9621538519859314,1.23739755153656,1.3143895864486694,1.0,0.0,-0.9897457957267761,0.0,0.0,0.0,0.0,0.0,0.0,1687790446.2321324
21.998944282,0.9870601892471313,1.2903128862380981,1.2988544702529907,1.0,0.0,-0.9897457957267761,0.0,0.0,0.0,0.0,0.0,0.0,1687790446.332223
22.098909378,0.9870601892471313,1.2903128862380981,1.2988544702529907,1.0,0.5876644253730774,-0.9897457957267761,0.0,0.0,0.0,0.0,0.0,0.0,1687790446.432184
22.198990106,0.9870601892471313,1.2903128862380981,1.2988544702529907,1.0,0.670125424861908,-0.9897457957267761,0.0,0.0,0.0,0.0,0.0,0.0,1687790446.5321603
22.298946857,0.9870601892471313,1.2903128862380981,1.2988544702529907,1.0,0.0,-0.9897457957267761,0.0,0.0,0.0,0.0,0.0,0.0,1687790446.6321185
22.399014949,0.9870601892471313,1.2903128862380981,1.2988544702529907,1.0,0.0,-0.9897457957267761,0.0,0.0,0.0,0.0,0.0,0.0,1687790446.732382
22.4989748,0.9870601892471313,1.2903128862380981,1.2988544702529907,1.0,0.0,-0.9897457957267761,0.0,0.0,0.0,0.0,0.0,0.0,1687790446.832199
22.599034309,0.9870601892471313,1.2903128862380981,1.2988544702529907,1.0,0.5464339256286621,-0.9897457957267761,0.0,0.0,0.0,0.0,0.0,0.0,1687790446.9320812
22.699213266,0.9870601892471313,1.2903128862380981,1.2988544702529907,1.0,0.40208137035369873,-0.9897457957267761,0.0,0.0,0.0,0.0,0.0,0.0,1687790447.0320175
22.7991786,0.46565529704093933,2.355644464492798,2.983762264251709,1.0,0.3814813792705536,-0.9897457957267761,0.0,0.0,0.0,0.0,0.0,0.0,1687790447.1325624
22.899295091,0.2908174395561218,2.3787362575531006,-3.12093448638916,1.0,0.3814813792705536,-0.9897457957267761,0.0,0.0,0.0,0.0,0.0,0.0,1687790447.232261
22.999195814,0.14860939979553223,2.382049560546875,-2.9989073276519775,1.0,0.3814813792705536,-0.9897457957267761,0.0,0.0,0.0,0.0,0.0,0.0,1687790447.3321388
23.099128484,0.01952565461397171,2.3701536655426025,-2.877418041229248,1.0,0.3814813792705536,-0.9897457957267761,0.0,0.0,0.0,0.0,0.0,0.0,1687790447.4321826
23.199601888,0.01952565461397171,2.3701536655426025,-2.877418041229248,1.0,0.3814813792705536,-0.9897457957267761,0.0,0.0,0.0,0.0,0.0,0.0,1687790447.5322537
23.2990942,0.01952565461397171,2.3701536655426025,-2.877418041229248,1.0,0.3814813792705536,-0.9897457957267761,0.0,0.0,0.0,0.0,0.0,0.0,1687790447.6325712
23.398968935,-0.7144677042961121,2.0106725692749023,-2.373520612716675,1.0,0.0,-0.9897457957267761,0.0,0.0,0.0,0.0,0.0,0.0,1687790447.7323897
23.498911142,-0.8819217681884766,1.8295503854751587,-2.0977766513824463,1.0,0.0,-0.9897457957267761,0.0,0.0,0.0,0.0,0.0,0.0,1687790447.8323588
23.598909854,-0.8819217681884766,1.8295503854751587,-2.0977766513824463,1.0,0.0,-0.9897457957267761,0.0,0.0,0.0,0.0,0.0,0.0,1687790447.932201
23.698844432,-0.8819217681884766,1.8295503854751587,-2.0977766513824463,1.0,0.4536271393299103,-0.9897457957267761,0.0,0.0,0.0,0.0,0.0,0.0,1687790448.03228
23.799059629,-0.8819217681884766,1.8295503854751587,-2.0977766513824463,1.0,0.7835322022438049,-0.9897457957267761,0.0,0.0,0.0,0.0,0.0,0.0,1687790448.1319928
23.899137497,-0.8819217681884766,1.8295503854751587,-2.0977766513824463,1.0,0.7629322409629822,-0.9897457957267761,0.0,0.0,0.0,0.0,0.0,0.0,1687790448.2322106
23.999267816,-1.2319765090942383,0.9648457765579224,0.25606825947761536,1.0,0.7113864421844482,-0.9897457957267761,0.0,0.0,0.0,0.0,0.0,0.0,1687790448.3320594
24.099063158,-1.2319765090942383,0.9648457765579224,0.25606825947761536,1.0,0.7217017412185669,-0.9897457957267761,0.0,0.0,0.0,0.0,0.0,0.0,1687790448.43219
24.199366569,-1.065697193145752,0.4632667005062103,-1.0774534940719604,1.0,0.7217017412185669,-0.9897457957267761,0.0,0.0,0.0,0.0,0.0,0.0,1687790448.5323014
24.299083709,-0.9495657682418823,0.23186980187892914,-0.94194495677948,1.0,0.7319864630699158,-0.9897457957267761,0.0,0.0,0.0,0.0,0.0,0.0,1687790448.6321065
24.399147987,-0.8009836673736572,0.0025540273636579514,-0.6852062344551086,1.0,0.9691152572631836,-0.9897457957267761,0.0,0.0,0.0,0.0,0.0,0.0,1687790448.7322176
24.499242305,-0.6252785325050354,-0.20998913049697876,-0.7006259560585022,1.0,1.0,-0.9897457957267761,0.0,0.0,0.0,0.0,0.0,0.0,1687790448.8321795
24.598991394,-0.412211537361145,-0.40667128562927246,-0.6033741235733032,1.0,0.25775933265686035,-0.6185796856880188,0.0,0.0,0.0,0.0,0.0,0.0,1687790448.9321632
24.698994875,-0.1718301624059677,-0.5796215534210205,-0.4571205973625183,1.0,-1.0,0.0,0.0,0.0,0.0,0.0,0.0,0.0,1687790449.032253
24.798894882,0.07138262689113617,-0.717531144618988,-0.3493993282318115,1.0,-1.0,0.0,0.0,0.0,0.0,0.0,0.0,0.0,1687790449.132084
24.898947954,0.28626635670661926,-0.8232138752937317,-0.30496945977211,1.0,-1.0,-0.9897457957267761,0.0,0.0,0.0,0.0,0.0,0.0,1687790449.2322211
24.999082088,0.46787986159324646,-0.9031256437301636,-0.3423098027706146,1.0,-1.0,-0.9897457957267761,0.0,0.0,0.0,0.0,0.0,0.0,1687790449.3321369
25.098989486,0.6075892448425293,-0.9594823718070984,-0.32721567153930664,1.0,-1.0,-0.9897457957267761,0.0,0.0,0.0,0.0,0.0,0.0,1687790449.4323018
25.199531316,0.711018979549408,-0.988319456577301,-0.25293803215026855,1.0,-1.0,-0.9897457957267761,0.0,0.0,0.0,0.0,0.0,0.0,1687790449.532219
25.298950433,0.7767724394798279,-1.0007538795471191,-0.16538722813129425,1.0,-1.0,-0.9897457957267761,0.0,0.0,0.0,0.0,0.0,0.0,1687790449.6320696
25.398980617,0.8155008554458618,-0.9997472763061523,-0.09683055430650711,1.0,-1.0,-0.9897457957267761,0.0,0.0,0.0,0.0,0.0,0.0,1687790449.7322218
25.498954057,0.8234272003173828,-1.0009363889694214,-0.08484800904989243,1.0,-1.0,-0.9897457957267761,0.0,0.0,0.0,0.0,0.0,0.0,1687790449.832368
25.599096775,0.8234272003173828,-1.0009363889694214,-0.08484800904989243,1.0,-0.36082032322883606,-0.9897457957267761,0.0,0.0,0.0,0.0,0.0,0.0,1687790449.932087
25.69917202,0.8234272003173828,-1.0009363889694214,-0.08484800904989243,1.0,-1.0,-0.9897457957267761,0.0,0.0,0.0,0.0,0.0,0.0,1687790450.0320516
25.799039602,0.8234272003173828,-1.0009363889694214,-0.08484800904989243,1.0,-1.0,-0.9897457957267761,0.0,0.0,0.0,0.0,0.0,0.0,1687790450.1323092
25.899166584,0.8525453209877014,-0.9832308292388916,-0.03773171082139015,1.0,-1.0,-0.9897457957267761,0.0,0.0,0.0,0.0,0.0,0.0,1687790450.2320042
25.998947858,0.8525974750518799,-0.9830884337425232,-0.038152117282152176,1.0,-1.0,-0.9897457957267761,0.0,0.0,0.0,0.0,0.0,0.0,1687790450.3324292
26.098925829,0.8525187969207764,-0.9831091165542603,-0.03820984810590744,1.0,0.0,-0.9897457957267761,0.0,0.0,0.0,0.0,0.0,0.0,1687790450.4323556
26.198909282,0.8525336384773254,-0.9831138253211975,-0.038318365812301636,1.0,0.0,-0.9897457957267761,0.0,0.0,0.0,0.0,0.0,0.0,1687790450.5324168
26.298941135,0.8525744676589966,-0.9831071496009827,-0.038394246250391006,1.0,-1.0,-0.9897457957267761,0.0,0.0,0.0,0.0,0.0,0.0,1687790450.6322534
26.398932457,0.8429306149482727,-0.9837513566017151,-0.062410879880189896,1.0,-1.0,-0.9897457957267761,0.0,0.0,0.0,0.0,0.0,0.0,1687790450.7324042
26.498944997,0.8429306149482727,-0.9837513566017151,-0.062410879880189896,1.0,-1.0,-0.9897457957267761,0.0,0.0,0.0,0.0,0.0,0.0,1687790450.8322155
26.599074602,0.7334420680999756,-0.9997758865356445,-0.29746365547180176,1.0,-1.0,-0.9897457957267761,0.0,0.0,0.0,0.0,0.0,0.0,1687790450.932458
26.699135065,0.6440983414649963,-0.9840447306632996,-0.47199416160583496,1.0,-1.0,0.0,0.0,0.0,0.0,0.0,0.0,0.0,1687790451.0322237
26.800046444,0.5772267580032349,-0.9616717100143433,-0.6206963062286377,1.0,-1.0,1.0,0.0,0.0,0.0,0.0,0.0,0.0,1687790451.132179
26.899507284,0.4404613673686981,-0.8781333565711975,-0.8756731748580933,1.0,-1.0,1.0,0.0,0.0,0.0,0.0,0.0,0.0,1687790451.2323036
26.998908281,0.3538239598274231,-0.7725122570991516,-0.8703950047492981,1.0,-1.0,1.0,0.0,0.0,0.0,0.0,0.0,0.0,1687790451.332417
27.099027395,0.27655068039894104,-0.6411078572273254,-0.6174924969673157,1.0,-1.0,1.0,0.0,0.0,0.0,0.0,0.0,0.0,1687790451.4321198
27.199926614,0.17387457191944122,-0.5189600586891174,-0.34916120767593384,1.0,-1.0,1.0,0.0,0.0,0.0,0.0,0.0,0.0,1687790451.5324786
27.299184084,0.042784322053194046,-0.42072075605392456,-0.12185728549957275,1.0,-1.0,1.0,0.0,0.0,0.0,0.0,0.0,0.0,1687790451.6321352
27.399131775,-0.11112359166145325,-0.35668230056762695,0.11908353120088577,1.0,-1.0,1.0,0.0,0.0,0.0,0.0,0.0,0.0,1687790451.7322283
27.499146223,-0.27925705909729004,-0.3246702253818512,0.3733619749546051,1.0,-1.0,1.0,0.0,0.0,0.0,0.0,0.0,0.0,1687790451.8321292
27.598873376,-0.45168694853782654,-0.3342140018939972,0.6245504021644592,1.0,-1.0,0.7216711640357971,0.0,0.0,0.0,0.0,0.0,0.0,1687790451.932434
27.698970317,-0.6195729970932007,-0.38282743096351624,0.8518050909042358,1.0,-1.0,0.8247627019882202,0.0,0.0,0.0,0.0,0.0,0.0,1687790452.0320833
27.799148082,-0.7703635692596436,-0.4716198444366455,1.1088221073150635,1.0,-1.0,1.0,0.0,0.0,0.0,0.0,0.0,0.0,1687790452.1323195
27.899060487,-0.9008147716522217,-0.5924499034881592,1.3419108390808105,1.0,-1.0,1.0,0.0,0.0,0.0,0.0,0.0,0.0,1687790452.2323925
27.999485492,-1.0014331340789795,-0.7362183928489685,1.61745023727417,1.0,-1.0,1.0,0.0,0.0,0.0,0.0,0.0,0.0,1687790452.332215
28.098998785,-1.066935658454895,-0.8940764665603638,1.778421401977539,1.0,-1.0,1.0,0.0,0.0,0.0,0.0,0.0,0.0,1687790452.4323125
28.198934793,-1.0855604410171509,-1.089125394821167,2.028589963912964,1.0,-1.0,1.0,0.0,0.0,0.0,0.0,0.0,0.0,1687790452.5322921
28.298877716,-1.082355260848999,-1.2704763412475586,2.2445292472839355,1.0,-1.0,1.0,0.0,0.0,0.0,0.0,0.0,0.0,1687790452.6321948
28.39886713,-1.0281641483306885,-1.4447205066680908,2.465531826019287,1.0,-1.0,1.0,0.0,0.0,0.0,0.0,0.0,0.0,1687790452.732286
28.498850822,-0.9361220598220825,-1.60304856300354,2.7050304412841797,1.0,-1.0,1.0,0.0,0.0,0.0,0.0,0.0,0.0,1687790452.8320675
28.599110841,-0.8217486143112183,-1.7461013793945312,2.872807264328003,1.0,-1.0,1.0,0.0,0.0,0.0,0.0,0.0,0.0,1687790452.9322026
28.699162721,-0.6636844873428345,-1.8436199426651,-3.140810489654541,1.0,-1.0,1.0,0.0,0.0,0.0,0.0,0.0,0.0,1687790453.0320544
28.798981666,-0.49462002515792847,-1.9108960628509521,-2.9341318607330322,1.0,-1.0,1.0,0.0,0.0,0.0,0.0,0.0,0.0,1687790453.132386
28.898889303,-0.3128722906112671,-1.9406331777572632,-2.714157819747925,1.0,-1.0,1.0,0.0,0.0,0.0,0.0,0.0,0.0,1687790453.232344
28.99911642,-0.1319131702184677,-1.9268178939819336,-2.4679996967315674,1.0,-1.0,1.0,0.0,0.0,0.0,0.0,0.0,0.0,1687790453.3322115
29.099212646,0.05061747878789902,-1.8796879053115845,-2.2638328075408936,1.0,-1.0,1.0,0.0,0.0,0.0,0.0,0.0,0.0,1687790453.432226
29.198982715,0.20909005403518677,-1.7889463901519775,-2.068230152130127,1.0,-1.0,1.0,0.0,0.0,0.0,0.0,0.0,0.0,1687790453.5322263
29.298921823,0.3496498465538025,-1.6679054498672485,-1.830070972442627,1.0,-1.0,1.0,0.0,0.0,0.0,0.0,0.0,0.0,1687790453.6325092
29.398958444,0.46336618065834045,-1.5182901620864868,-1.6094846725463867,1.0,-1.0,0.0,0.0,0.0,0.0,0.0,0.0,0.0,1687790453.7322538
29.498954534,0.5234012603759766,-1.392762303352356,-1.421037197113037,1.0,-1.0,0.0,0.0,0.0,0.0,0.0,0.0,0.0,1687790453.8322856
29.59908843,0.5609626770019531,-1.2584306001663208,-1.2980446815490723,1.0,-1.0,0.0,0.0,0.0,0.0,0.0,0.0,0.0,1687790453.9324687
29.698907375,0.5634317398071289,-0.9887077808380127,-1.1213364601135254,1.0,-1.0,0.0,0.0,0.0,0.0,0.0,0.0,0.0,1687790454.0322816
29.798905849,0.513352632522583,-0.8299527764320374,-1.0278539657592773,1.0,-1.0,0.6804101467132568,0.0,0.0,0.0,0.0,0.0,0.0,1687790454.1320872
29.898946762,0.4501604437828064,-0.6490707397460938,-1.0945260524749756,1.0,-1.0,1.0,0.0,0.0,0.0,0.0,0.0,0.0,1687790454.232204
29.999027252,0.3811839818954468,-0.4576995372772217,-0.8544095754623413,1.0,-1.0,0.0,0.0,0.0,0.0,0.0,0.0,0.0,1687790454.3324375
30.099150419,0.29105135798454285,-0.2776038348674774,-0.48647528886795044,1.0,-1.0,-0.03094576857984066,0.0,0.0,0.0,0.0,0.0,0.0,1687790454.4323487
30.200088024,0.17003755271434784,-0.11629481613636017,-0.24959880113601685,1.0,-1.0,-0.9897457957267761,0.0,0.0,0.0,0.0,0.0,0.0,1687790454.5324287
30.299218893,0.023158596828579903,1.4789402484893799e-06,-0.08205382525920868,1.0,-1.0,-0.9897457957267761,0.0,0.0,0.0,0.0,0.0,0.0,1687790454.632088
30.399163246,-0.12888529896736145,0.0767865777015686,-0.020934931933879852,1.0,-1.0,-0.9897457957267761,0.0,0.0,0.0,0.0,0.0,0.0,1687790454.7321696
30.499113798,-0.2868660092353821,0.10968200862407684,-0.10839814692735672,1.0,-1.0,-0.9897457957267761,0.0,0.0,0.0,0.0,0.0,0.0,1687790454.8320777
30.59900403,-0.44275227189064026,0.0977814644575119,-0.32609012722969055,1.0,-1.0,-0.9897457957267761,0.0,0.0,0.0,0.0,0.0,0.0,1687790454.9321883
30.699299335,-0.603388786315918,0.1185159683227539,-0.6060002446174622,1.0,-1.0,-0.3196203410625458,0.0,0.0,0.0,0.0,0.0,0.0,1687790455.0324082
30.799223423,-0.7296741604804993,0.1676364690065384,-0.8021852374076843,1.0,-1.0,-0.36085087060928345,0.0,0.0,0.0,0.0,0.0,0.0,1687790455.13208
30.899121761,-0.8943257927894592,0.2744707465171814,-1.0363680124282837,1.0,-1.0,-0.9794304966926575,0.0,0.0,0.0,0.0,0.0,0.0,1687790455.2322094
30.998976469,-1.0019209384918213,0.4042121171951294,-1.20234215259552,1.0,-1.0,-0.9794304966926575,0.0,0.0,0.0,0.0,0.0,0.0,1687790455.3321438
31.098896503,-1.084884762763977,0.5293523073196411,-1.3565367460250854,1.0,-1.0,-0.9794304966926575,0.0,0.0,0.0,0.0,0.0,0.0,1687790455.4322624
31.19908595,-1.141506552696228,0.6512394547462463,-1.5555824041366577,1.0,-1.0,-0.9794304966926575,0.0,0.0,0.0,0.0,0.0,0.0,1687790455.5323286
31.299134016,-1.1823011636734009,0.8706283569335938,-1.9080545902252197,1.0,-1.0,0.0,0.0,0.0,0.0,0.0,0.0,0.0,1687790455.6322362
31.3989048,-1.1823011636734009,0.8706283569335938,-1.9080545902252197,1.0,-1.0,0.0,0.0,0.0,0.0,0.0,0.0,0.0,1687790455.7320662
31.498936891,-1.1823011636734009,0.8706283569335938,-1.9080545902252197,1.0,-1.0,0.0,0.0,0.0,0.0,0.0,0.0,0.0,1687790455.8323221
31.598903656,-1.1823011636734009,0.8706283569335938,-1.9080545902252197,1.0,-1.0,0.0,0.0,0.0,0.0,0.0,0.0,0.0,1687790455.9323466
31.698849439,-1.1823011636734009,0.8706283569335938,-1.9080545902252197,1.0,-1.0,-0.556718647480011,0.0,0.0,0.0,0.0,0.0,0.0,1687790456.0319417
31.799114227,-0.7246084213256836,1.6066920757293701,-2.5168874263763428,1.0,-1.0,-0.9897457957267761,0.0,0.0,0.0,0.0,0.0,0.0,1687790456.1322434
31.899085521,-0.5926889777183533,1.7017830610275269,-2.689241886138916,1.0,-1.0,-0.9588000178337097,0.0,0.0,0.0,0.0,0.0,0.0,1687790456.2321773
31.999034643,-0.3963271379470825,1.807275652885437,-3.024714469909668,1.0,-1.0,-0.9897457957267761,0.0,0.0,0.0,0.0,0.0,0.0,1687790456.3322978
32.099198341,-0.347873330116272,1.8396612405776978,3.12504506111145,1.0,-1.0,-0.9897457957267761,0.0,0.0,0.0,0.0,0.0,0.0,1687790456.432117
32.199017286,-0.347873330116272,1.8396612405776978,3.12504506111145,1.0,-1.0,0.0,0.0,0.0,0.0,0.0,0.0,0.0,1687790456.5322938
32.298892259,0.15499252080917358,1.8841313123703003,2.5335452556610107,1.0,-1.0,0.0,0.0,0.0,0.0,0.0,0.0,0.0,1687790456.632386
32.399066448,0.3354032635688782,1.826874017715454,2.4111552238464355,1.0,-1.0,0.0,0.0,0.0,0.0,0.0,0.0,0.0,1687790456.7321222
32.499311924,0.49912312626838684,1.7301154136657715,2.349001407623291,1.0,-1.0,-0.9897457957267761,0.0,0.0,0.0,0.0,0.0,0.0,1687790456.8319802
32.599005699,0.5569286942481995,1.680019736289978,2.3228635787963867,1.0,-1.0,-0.9897457957267761,0.0,0.0,0.0,0.0,0.0,0.0,1687790456.9321196
32.69908595,0.7624130845069885,1.4714245796203613,2.069962739944458,1.0,-1.0,-0.9897457957267761,0.0,0.0,0.0,0.0,0.0,0.0,1687790457.0323973
32.798882484,0.8281887173652649,1.4027713537216187,1.9298079013824463,1.0,-1.0,-0.9897457957267761,0.0,0.0,0.0,0.0,0.0,0.0,1687790457.1320202
32.899070739,0.987581729888916,1.1394016742706299,1.4511425495147705,1.0,-1.0,-0.6185796856880188,0.0,0.0,0.0,0.0,0.0,0.0,1687790457.2319827
32.999319076,1.0375686883926392,0.9586498737335205,1.1852128505706787,1.0,-1.0,0.0,0.0,0.0,0.0,0.0,0.0,0.0,1687790457.3321233
33.098932027,1.0489797592163086,0.7722613215446472,1.010536551475525,1.0,-1.0,0.0,0.0,0.0,0.0,0.0,0.0,0.0,1687790457.4321442
33.199044942,1.0133140087127686,0.5980218648910522,0.8559036254882812,1.0,-1.0,0.2061830461025238,0.0,0.0,0.0,0.0,0.0,0.0,1687790457.532323
33.299315214,0.938955545425415,0.44280287623405457,0.7843154072761536,1.0,-1.0,1.0,0.0,0.0,0.0,0.0,0.0,0.0,1687790457.6323214
33.398977279,0.8283737301826477,0.30885109305381775,0.7950456142425537,1.0,-1.0,1.0,0.0,0.0,0.0,0.0,0.0,0.0,1687790457.7324219
33.499056339,0.6863694190979004,0.1912068873643875,1.013668179512024,1.0,-1.0,0.3092745840549469,0.0,0.0,0.0,0.0,0.0,0.0,1687790457.8320131
33.599531173,0.550385057926178,0.05835667625069618,1.3260105848312378,1.0,-1.0,0.0,0.0,0.0,0.0,0.0,0.0,0.0,1687790457.932185
33.698993921,0.4498569369316101,-0.09945832937955856,1.5482978820800781,1.0,-1.0,0.0,0.0,0.0,0.0,0.0,0.0,0.0,1687790458.0323422
33.799005031,0.3915209472179413,-0.270620197057724,1.6712396144866943,1.0,-1.0,-0.9588000178337097,0.0,0.0,0.0,0.0,0.0,0.0,1687790458.1325734
33.899261951,0.37473180890083313,-0.4487927258014679,1.6292897462844849,1.0,-1.0,-0.9897457957267761,0.0,0.0,0.0,0.0,0.0,0.0,1687790458.2320218
33.999268055,0.3887590169906616,-0.6281203627586365,1.350357174873352,1.0,-1.0,-0.9897457957267761,0.0,0.0,0.0,0.0,0.0,0.0,1687790458.3321183
34.099038839,0.3889901041984558,-0.8046022057533264,1.0188897848129272,1.0,-1.0,0.0,0.0,0.0,0.0,0.0,0.0,0.0,1687790458.43227
34.199096441,0.3490898907184601,-0.9799549579620361,0.7545686960220337,1.0,-1.0,1.0,0.0,0.0,0.0,0.0,0.0,0.0,1687790458.5323014
34.299299717,0.26977843046188354,-1.1385586261749268,0.57098388671875,1.0,-1.0,1.0,0.0,0.0,0.0,0.0,0.0,0.0,1687790458.632142
34.399141311,0.1596185266971588,-1.2681013345718384,0.4388720393180847,1.0,-1.0,1.0,0.0,0.0,0.0,0.0,0.0,0.0,1687790458.7323759
34.498930692,0.02798374369740486,-1.3570618629455566,0.38457709550857544,1.0,-1.0,1.0,0.0,0.0,0.0,0.0,0.0,0.0,1687790458.8320937
34.598922491,-0.12281204015016556,-1.4134571552276611,0.5091880559921265,1.0,-1.0,1.0,0.0,0.0,0.0,0.0,0.0,0.0,1687790458.9324515
34.698913335,-0.2876484990119934,-1.470505952835083,0.815963864326477,1.0,-1.0,1.0,0.0,0.0,0.0,0.0,0.0,0.0,1687790459.0321975
34.798915386,-0.4394351541996002,-1.5577038526535034,1.0801752805709839,1.0,-1.0,1.0,0.0,0.0,0.0,0.0,0.0,0.0,1687790459.1324952
34.898938417,-0.5712921023368835,-1.6802315711975098,1.3073902130126953,1.0,-1.0,1.0,0.0,0.0,0.0,0.0,0.0,0.0,1687790459.232174
34.998965501,-0.6756626963615417,-1.8308501243591309,1.542778491973877,1.0,-1.0,1.0,0.0,0.0,0.0,0.0,0.0,0.0,1687790459.3322587
35.098922252,-0.7390351295471191,-1.9900788068771362,1.6994779109954834,1.0,-1.0,1.0,0.0,0.0,0.0,0.0,0.0,0.0,1687790459.432419
35.198865175,-0.7688982486724854,-2.1696574687957764,1.9920822381973267,1.0,-1.0,1.0,0.0,0.0,0.0,0.0,0.0,0.0,1687790459.532279
35.299114227,-0.7715664505958557,-2.3255186080932617,2.133009910583496,1.0,-1.0,1.0,0.0,0.0,0.0,0.0,0.0,0.0,1687790459.6323655
35.399158001,-0.7136141061782837,-2.5567314624786377,2.4251041412353516,1.0,-1.0,1.0,0.0,0.0,0.0,0.0,0.0,0.0,1687790459.7322297
35.499046325,-0.6241579651832581,-2.717590093612671,2.669977903366089,1.0,-1.0,1.0,0.0,0.0,0.0,0.0,0.0,0.0,1687790459.8322487
35.599171638,-0.50295490026474,-2.860994338989258,2.8578062057495117,1.0,-1.0,1.0,0.0,0.0,0.0,0.0,0.0,0.0,1687790459.932368
35.699160099,-0.3501099646091461,-2.9764487743377686,3.090904474258423,1.0,-1.0,1.0,0.0,0.0,0.0,0.0,0.0,0.0,1687790460.0321496
35.798877239,-0.18418218195438385,-3.0616421699523926,-3.017015218734741,1.0,-1.0,1.0,0.0,0.0,0.0,0.0,0.0,0.0,1687790460.1322434
35.899076461,0.002546984702348709,-3.104421854019165,-2.7802557945251465,1.0,-1.0,1.0,0.0,0.0,0.0,0.0,0.0,0.0,1687790460.2323797
35.999072551,0.19445714354515076,-3.1099705696105957,-2.5615344047546387,1.0,-1.0,1.0,0.0,0.0,0.0,0.0,0.0,0.0,1687790460.3323975
36.098869085,0.3826099634170532,-3.075770378112793,-2.3634417057037354,1.0,-1.0,1.0,0.0,0.0,0.0,0.0,0.0,0.0,1687790460.4325774
36.198945283,0.5631226301193237,-3.002272367477417,-2.1438705921173096,1.0,-1.0,1.0,0.0,0.0,0.0,0.0,0.0,0.0,1687790460.5322173
36.298972368,0.7062418460845947,-2.9041621685028076,-1.9757369756698608,1.0,-1.0,1.0,0.0,0.0,0.0,0.0,0.0,0.0,1687790460.6321907
36.398900508,0.8576142191886902,-2.758669853210449,-1.7063443660736084,1.0,-1.0,0.9278542399406433,0.0,0.0,0.0,0.0,0.0,0.0,1687790460.732195
36.499057769,0.9550961256027222,-2.5931906700134277,-1.5666160583496094,1.0,-1.0,0.0,0.0,0.0,0.0,0.0,0.0,0.0,1687790460.8320959
36.599137067,1.0169917345046997,-2.412846803665161,-1.3450311422348022,1.0,-1.0,0.0,0.0,0.0,0.0,0.0,0.0,0.0,1687790460.9321733
36.699018716,1.0427824258804321,-2.2261924743652344,-1.2365632057189941,1.0,-1.0,0.0,0.0,0.0,0.0,0.0,0.0,0.0,1687790461.0323184
36.799088239,1.0221220254898071,-2.041771173477173,-1.1869734525680542,1.0,-1.0,0.0,0.0,0.0,0.0,0.0,0.0,0.0,1687790461.132158
36.899179935,0.9768345952033997,-1.8599073886871338,-1.2342609167099,1.0,-1.0,0.0,0.0,0.0,0.0,0.0,0.0,0.0,1687790461.2318904
36.999076128,0.9418478608131409,-1.7464655637741089,-1.2596845626831055,1.0,-1.0,0.0,0.0,0.0,0.0,0.0,0.0,0.0,1687790461.3324413
37.098936796,0.9418478608131409,-1.7464655637741089,-1.2596845626831055,1.0,-1.0,-0.9794304966926575,0.0,0.0,0.0,0.0,0.0,0.0,1687790461.43248
37.19892025,0.9418478608131409,-1.7464655637741089,-1.2596845626831055,1.0,-1.0,-0.9794304966926575,0.0,0.0,0.0,0.0,0.0,0.0,1687790461.5322614
37.298995971,0.7972376942634583,-1.1656990051269531,-1.4266855716705322,1.0,-1.0,0.0,0.0,0.0,0.0,0.0,0.0,0.0,1687790461.632157
37.398915052,0.749597430229187,-1.0313115119934082,-1.6174793243408203,1.0,-1.0,0.08246101438999176,0.0,0.0,0.0,0.0,0.0,0.0,1687790461.7322001
37.498975992,0.749597430229187,-1.0313115119934082,-1.6174793243408203,1.0,-1.0,1.0,0.0,0.0,0.0,0.0,0.0,0.0,1687790461.8323305
37.599174261,0.7719079852104187,-0.4387100338935852,-2.4055352210998535,1.0,-1.0,1.0,0.0,0.0,0.0,0.0,0.0,0.0,1687790461.9323194
37.699119329,0.8535270094871521,-0.27739477157592773,-2.4926979541778564,1.0,-1.0,1.0,0.0,0.0,0.0,0.0,0.0,0.0,1687790462.0322173
37.799293995,0.96274334192276,-0.15284430980682373,-2.517185688018799,1.0,-1.0,1.0,0.0,0.0,0.0,0.0,0.0,0.0,1687790462.1323426
37.899485349,1.1000698804855347,-0.05601448193192482,-2.3960046768188477,1.0,-1.0,1.0,0.0,0.0,0.0,0.0,0.0,0.0,1687790462.232201
37.999016285,1.2282156944274902,0.022527053952217102,-2.1445555686950684,1.0,-1.0,1.0,0.0,0.0,0.0,0.0,0.0,0.0,1687790462.3323138
38.098975658,1.3843843936920166,0.16490288078784943,-1.8150957822799683,1.0,-1.0,1.0,0.0,0.0,0.0,0.0,0.0,0.0,1687790462.432054
38.19920969,1.484915852546692,0.31623101234436035,-1.5699334144592285,1.0,-1.0,1.0,0.0,0.0,0.0,0.0,0.0,0.0,1687790462.532604
38.299057483,1.5543617010116577,0.4874437749385834,-1.3889739513397217,1.0,-1.0,0.0,0.0,0.0,0.0,0.0,0.0,0.0,1687790462.6321824
38.399207592,1.5849989652633667,0.6701032519340515,-1.1653273105621338,1.0,-1.0,0.0,0.0,0.0,0.0,0.0,0.0,0.0,1687790462.7321959
38.498985529,1.5769152641296387,0.8543133735656738,-1.0152256488800049,1.0,-1.0,0.0,0.0,0.0,0.0,0.0,0.0,0.0,1687790462.8319404
38.598991155,1.5226746797561646,1.0258398056030273,-0.9351634383201599,1.0,-1.0,0.0,0.0,0.0,0.0,0.0,0.0,0.0,1687790462.931954
38.698934316,1.4547979831695557,1.1615993976593018,-0.9378134608268738,1.0,-1.0,0.6494949460029602,0.0,0.0,0.0,0.0,0.0,0.0,1687790463.0323086
38.798906087,1.3356387615203857,1.3415215015411377,-0.9513663053512573,1.0,-1.0,1.0,0.0,0.0,0.0,0.0,0.0,0.0,1687790463.13229
38.899048805,1.2759901285171509,1.4440983533859253,-0.8142763376235962,1.0,-1.0,0.25772881507873535,0.0,0.0,0.0,0.0,0.0,0.0,1687790463.2321985
38.999641418,1.2759901285171509,1.4440983533859253,-0.8142763376235962,1.0,-1.0,0.0,0.0,0.0,0.0,0.0,0.0,0.0,1687790463.332166
39.098947763,1.2759901285171509,1.4440983533859253,-0.8142763376235962,1.0,-1.0,0.0,0.0,0.0,0.0,0.0,0.0,0.0,1687790463.432096
39.199035167,1.2759901285171509,1.4440983533859253,-0.8142763376235962,1.0,-1.0,0.670094907283783,0.0,0.0,0.0,0.0,0.0,0.0,1687790463.5322835
39.29920268,0.7580052018165588,1.9701800346374512,0.06727340817451477,1.0,-1.0,0.0,0.0,0.0,0.0,0.0,0.0,0.0,1687790463.6324246
39.399073124,0.7580052018165588,1.9701800346374512,0.06727340817451477,1.0,-1.0,0.0,0.0,0.0,0.0,0.0,0.0,0.0,1687790463.7323775
39.499047279,0.7580052018165588,1.9701800346374512,0.06727340817451477,1.0,-1.0,0.2370983064174652,0.0,0.0,0.0,0.0,0.0,0.0,1687790463.832276
39.598965883,0.7580052018165588,1.9701800346374512,0.06727340817451477,1.0,-1.0,1.0,0.0,0.0,0.0,0.0,0.0,0.0,1687790463.9321892
39.699007511,0.024559305980801582,1.988090991973877,0.23532100021839142,1.0,-1.0,1.0,0.0,0.0,0.0,0.0,0.0,0.0,1687790464.0322726
39.799012661,0.024559305980801582,1.988090991973877,0.23532100021839142,1.0,-1.0,1.0,0.0,0.0,0.0,0.0,0.0,0.0,1687790464.1324444
39.899027109,0.024559305980801582,1.988090991973877,0.23532100021839142,1.0,-1.0,1.0,0.0,0.0,0.0,0.0,0.0,0.0,1687790464.2321746
39.998966693,0.024559305980801582,1.988090991973877,0.23532100021839142,1.0,-1.0,1.0,0.0,0.0,0.0,0.0,0.0,0.0,1687790464.3322968
40.099042177,-0.8446207046508789,1.6625816822052002,1.3670151233673096,1.0,-1.0,1.0,0.0,0.0,0.0,0.0,0.0,0.0,1687790464.43217
40.198926925,-0.8446207046508789,1.6625816822052002,1.3670151233673096,1.0,-1.0,-0.40208137035369873,0.0,0.0,0.0,0.0,0.0,0.0,1687790464.532154
40.299328804,-0.8446207046508789,1.6625816822052002,1.3670151233673096,1.0,-1.0,-0.9897457957267761,0.0,0.0,0.0,0.0,0.0,0.0,1687790464.6327069
40.39903593,-0.8446207046508789,1.6625816822052002,1.3670151233673096,1.0,-1.0,-0.9897457957267761,0.0,0.0,0.0,0.0,0.0,0.0,1687790464.732233
40.498974323,-0.8446207046508789,1.6625816822052002,1.3670151233673096,1.0,-1.0,-0.06186101958155632,0.0,0.0,0.0,0.0,0.0,0.0,1687790464.8324597
40.59897232,-1.1067557334899902,0.8197048902511597,1.957365870475769,1.0,-1.0,-0.21652881801128387,0.0,0.0,0.0,0.0,0.0,0.0,1687790464.932013
40.698905468,-1.1067557334899902,0.8197048902511597,1.957365870475769,1.0,-1.0,0.0,0.0,0.0,0.0,0.0,0.0,0.0,1687790465.0324063
40.798891782,-1.1067557334899902,0.8197048902511597,1.957365870475769,1.0,-1.0,0.0,0.0,0.0,0.0,0.0,0.0,0.0,1687790465.1322753
40.89884305,-0.9784851670265198,0.28079935908317566,1.5144246816635132,1.0,-1.0,0.49485763907432556,0.0,0.0,0.0,0.0,0.0,0.0,1687790465.2324612
40.999599695,-0.9895514845848083,0.05364087224006653,1.508482813835144,1.0,-1.0,1.0,0.0,0.0,0.0,0.0,0.0,0.0,1687790465.332442
41.099269151,-1.0413477420806885,-0.16463488340377808,1.6179084777832031,1.0,-1.0,1.0,0.0,0.0,0.0,0.0,0.0,0.0,1687790465.4323308
41.199099063,-1.0758981704711914,-0.3784818649291992,1.9789061546325684,1.0,-1.0,-0.03094576857984066,0.0,0.0,0.0,0.0,0.0,0.0,1687790465.5324545
41.298900842,-1.0787403583526611,-0.4859323799610138,2.1294188499450684,1.0,-1.0,-0.9691152572631836,0.0,0.0,0.0,0.0,0.0,0.0,1687790465.632356
41.39909625,-1.0266568660736084,-0.791822612285614,2.4641199111938477,1.0,-1.0,-0.9691152572631836,0.0,0.0,0.0,0.0,0.0,0.0,1687790465.7325118
41.499256849,-0.9438034296035767,-0.9575064182281494,2.5956928730010986,1.0,-1.0,-0.9691152572631836,0.0,0.0,0.0,0.0,0.0,0.0,1687790465.8323238
41.598900556,-0.8461760878562927,-1.077368974685669,2.6617465019226074,1.0,-1.0,-0.9691152572631836,0.0,0.0,0.0,0.0,0.0,0.0,1687790465.932371
41.698949337,-0.70639568567276,-1.171372413635254,2.6502785682678223,1.0,-1.0,-0.9691152572631836,0.0,0.0,0.0,0.0,0.0,0.0,1687790466.0323412
41.799046993,-0.5680243968963623,-1.2334259748458862,2.355569839477539,1.0,-1.0,-0.9691152572631836,0.0,0.0,0.0,0.0,0.0,0.0,1687790466.1323888
41.899145603,-0.4397328197956085,-1.3258132934570312,2.0366382598876953,1.0,-1.0,-0.9691152572631836,0.0,0.0,0.0,0.0,0.0,0.0,1687790466.232576
41.999257326,-0.32941704988479614,-1.4505833387374878,1.7931925058364868,1.0,-1.0,-0.9691152572631836,0.0,0.0,0.0,0.0,0.0,0.0,1687790466.3324597
42.098964214,-0.2560234069824219,-1.599716067314148,1.5366863012313843,1.0,-1.0,0.0,0.0,0.0,0.0,0.0,0.0,0.0,1687790466.4325063
42.198895692,-0.21534523367881775,-1.7642444372177124,1.3145116567611694,1.0,-1.0,1.0,0.0,0.0,0.0,0.0,0.0,0.0,1687790466.5324082
42.298888683,-0.21500472724437714,-1.9350672960281372,1.1230589151382446,1.0,-1.0,1.0,0.0,0.0,0.0,0.0,0.0,0.0,1687790466.632387
42.398972749,-0.2588002681732178,-2.096879005432129,1.0233957767486572,1.0,-1.0,1.0,0.0,0.0,0.0,0.0,0.0,0.0,1687790466.732235
42.499103307,-0.3384443521499634,-2.240830421447754,1.0637164115905762,1.0,0.0,-0.03094576857984066,0.0,0.0,0.0,0.0,0.0,0.0,1687790466.8326526
42.598999261,-0.4449552595615387,-2.377842664718628,1.322259783744812,1.0,1.0,0.0,0.0,0.0,0.0,0.0,0.0,0.0,1687790466.9323952
42.698928833,-0.525624692440033,-2.5039467811584473,1.5717756748199463,1.0,1.0,0.0,0.0,0.0,0.0,0.0,0.0,0.0,1687790467.032514
42.798977851,-0.5825836062431335,-2.5848562717437744,1.8016213178634644,1.0,1.0,0.0,0.0,0.0,0.0,0.0,0.0,0.0,1687790467.13241
42.898933887,-0.6251660585403442,-2.6123733520507812,1.9902080297470093,1.0,1.0,0.0,0.0,0.0,0.0,0.0,0.0,0.0,1687790467.232331
42.998877287,-0.674386203289032,-2.5904054641723633,2.073441743850708,1.0,1.0,0.0,0.0,0.0,0.0,0.0,0.0,0.0,1687790467.3322704
43.098968029,-0.7327044010162354,-2.516896963119507,2.1647801399230957,1.0,1.0,0.46391186118125916,0.0,0.0,0.0,0.0,0.0,0.0,1687790467.4323554
43.19929862,-0.8024048209190369,-2.40181303024292,2.1525211334228516,1.0,1.0,1.0,0.0,0.0,0.0,0.0,0.0,0.0,1687790467.5323884
43.299548626,-0.8833890557289124,-2.247648000717163,2.0569658279418945,1.0,1.0,1.0,0.0,0.0,0.0,0.0,0.0,0.0,1687790467.632434
43.398991823,-0.9402247667312622,-2.05869460105896,1.8812847137451172,1.0,1.0,1.0,0.0,0.0,0.0,0.0,0.0,0.0,1687790467.7324076
43.499230146,-0.9768104553222656,-1.8442151546478271,1.6243553161621094,1.0,1.0,1.0,0.0,0.0,0.0,0.0,0.0,0.0,1687790467.8323061
43.599151134,-0.970977783203125,-1.618586540222168,1.4430897235870361,1.0,1.0,0.0,0.0,0.0,0.0,0.0,0.0,0.0,1687790467.9325917
43.699056863,-0.917984127998352,-1.3890126943588257,1.310768723487854,1.0,1.0,-0.01031525619328022,0.0,0.0,0.0,0.0,0.0,0.0,1687790468.0323954
43.799097776,-0.8376218676567078,-1.150978446006775,1.184544324874878,1.0,1.0,-0.9794304966926575,0.0,0.0,0.0,0.0,0.0,0.0,1687790468.1324103
43.899361372,-0.7265306711196899,-0.9071663022041321,1.207385540008545,1.0,1.0,-0.9794304966926575,0.0,0.0,0.0,0.0,0.0,0.0,1687790468.2323542
43.999035835,-0.6314365267753601,-0.6431994438171387,1.3602110147476196,1.0,1.0,-0.9794304966926575,0.0,0.0,0.0,0.0,0.0,0.0,1687790468.3324726
44.098916292,-0.5669992566108704,-0.3635164797306061,1.5297290086746216,1.0,1.0,-0.9794304966926575,0.0,0.0,0.0,0.0,0.0,0.0,1687790468.4323702
44.19894123,-0.5458710789680481,-0.06792621314525604,1.613189697265625,1.0,1.0,-0.9794304966926575,0.0,0.0,0.0,0.0,0.0,0.0,1687790468.5323586
44.298936367,-0.5498632788658142,0.2318953573703766,1.7562282085418701,1.0,0.0,-0.9794304966926575,0.0,0.0,0.0,0.0,0.0,0.0,1687790468.6322677
44.399163484,-0.5864864587783813,0.48663508892059326,1.8548225164413452,1.0,-1.0,-0.9794304966926575,0.0,0.0,0.0,0.0,0.0,0.0,1687790468.7324202
44.499156475,-0.616306483745575,0.6293546557426453,1.9295737743377686,1.0,-1.0,-0.9794304966926575,0.0,0.0,0.0,0.0,0.0,0.0,1687790468.8326213
44.599164247,-0.616306483745575,0.6293546557426453,1.9295737743377686,1.0,-1.0,-0.9794304966926575,0.0,0.0,0.0,0.0,0.0,0.0,1687790468.9323907
44.699173212,-0.7480278611183167,1.0502430200576782,2.0700175762176514,1.0,-1.0,-0.9794304966926575,0.0,0.0,0.0,0.0,0.0,0.0,1687790469.0325093
44.799300193,-0.7480278611183167,1.0502430200576782,2.0700175762176514,1.0,-1.0,-0.9794304966926575,0.0,0.0,0.0,0.0,0.0,0.0,1687790469.1322932
44.899643182,-0.7480278611183167,1.0502430200576782,2.0700175762176514,1.0,-1.0,-0.9794304966926575,0.0,0.0,0.0,0.0,0.0,0.0,1687790469.2322927
44.998981475,-0.7480278611183167,1.0502430200576782,2.0700175762176514,1.0,-0.5051423907279968,-0.9794304966926575,0.0,0.0,0.0,0.0,0.0,0.0,1687790469.3322766
45.099102735,-0.7480278611183167,1.0502430200576782,2.0700175762176514,1.0,0.0,-0.9794304966926575,0.0,0.0,0.0,0.0,0.0,0.0,1687790469.4323535
45.199153423,-0.7480278611183167,1.0502430200576782,2.0700175762176514,1.0,1.0,-0.5979796648025513,0.0,0.0,0.0,0.0,0.0,0.0,1687790469.532431
45.299023628,-0.7480278611183167,1.0502430200576782,2.0700175762176514,1.0,0.29898983240127563,0.0,0.0,0.0,0.0,0.0,0.0,0.0,1687790469.632432
45.398865223,-0.7480278611183167,1.0502430200576782,2.0700175762176514,1.0,0.0,0.0,0.0,0.0,0.0,0.0,0.0,0.0,1687790469.732428
45.499052524,-0.7480278611183167,1.0502430200576782,2.0700175762176514,1.0,0.0,0.08246101438999176,0.0,0.0,0.0,0.0,0.0,0.0,1687790469.8324866
45.598938465,-0.7480278611183167,1.0502430200576782,2.0700175762176514,1.0,-1.0,0.0,0.0,0.0,0.0,0.0,0.0,0.0,1687790469.9326544
45.698927641,-0.7480278611183167,1.0502430200576782,2.0700175762176514,1.0,-1.0,0.0,0.0,0.0,0.0,0.0,0.0,0.0,1687790470.0323145
45.799053192,-0.7480278611183167,1.0502430200576782,2.0700175762176514,1.0,-1.0,0.0,0.0,0.0,0.0,0.0,0.0,0.0,1687790470.1324103
45.899060249,-0.7480278611183167,1.0502430200576782,2.0700175762176514,1.0,0.0,0.0,0.0,0.0,0.0,0.0,0.0,0.0,1687790470.2324965
45.99916172,-0.7480278611183167,1.0502430200576782,2.0700175762176514,1.0,0.0,0.0,0.0,0.0,0.0,0.0,0.0,0.0,1687790470.3323467
46.099032163,-0.7480278611183167,1.0502430200576782,2.0700175762176514,1.0,-1.0,0.0,0.0,0.0,0.0,0.0,0.0,0.0,1687790470.432657
46.199701309,-0.7480278611183167,1.0502430200576782,2.0700175762176514,1.0,-1.0,0.0,0.0,0.0,0.0,0.0,0.0,0.0,1687790470.5323002
46.299469471,-0.7480278611183167,1.0502430200576782,2.0700175762176514,1.0,-1.0,0.0,0.0,0.0,0.0,0.0,0.0,0.0,1687790470.6324623
46.399254083,-0.7480278611183167,1.0502430200576782,2.0700175762176514,1.0,-1.0,0.0,0.0,0.0,0.0,0.0,0.0,0.0,1687790470.7324529
46.499082088,-0.7480278611183167,1.0502430200576782,2.0700175762176514,1.0,-1.0,-0.9897457957267761,0.0,0.0,0.0,0.0,0.0,0.0,1687790470.8323784
46.599196434,-0.7480278611183167,1.0502430200576782,2.0700175762176514,1.0,-1.0,-0.9897457957267761,0.0,0.0,0.0,0.0,0.0,0.0,1687790470.9323711
46.698925495,-0.7480278611183167,1.0502430200576782,2.0700175762176514,1.0,-1.0,-0.9897457957267761,0.0,0.0,0.0,0.0,0.0,0.0,1687790471.0325737
46.798894405,-0.7906240224838257,1.3472942113876343,2.050828456878662,1.0,-1.0,-0.9897457957267761,0.0,0.0,0.0,0.0,0.0,0.0,1687790471.1327028
46.899006843,-0.6898138523101807,1.2426047325134277,1.866721510887146,1.0,-1.0,-0.9897457957267761,0.0,0.0,0.0,0.0,0.0,0.0,1687790471.2323616
46.999161481,-0.6898138523101807,1.2426047325134277,1.866721510887146,1.0,-1.0,-0.9897457957267761,0.0,0.0,0.0,0.0,0.0,0.0,1687790471.332363
47.099137544,-0.6898138523101807,1.2426047325134277,1.866721510887146,1.0,-1.0,-0.9897457957267761,0.0,0.0,0.0,0.0,0.0,0.0,1687790471.4324844
47.199126482,-0.5660212635993958,0.777014970779419,1.160887598991394,1.0,-1.0,-0.9897457957267761,0.0,0.0,0.0,0.0,0.0,0.0,1687790471.5324173
47.299138546,-0.6092725396156311,0.5874994993209839,0.8687953352928162,1.0,0.556718647480011,0.0,0.0,0.0,0.0,0.0,0.0,0.0,1687790471.6324532
47.399118661,-0.6733940243721008,0.4331724941730499,0.6508702039718628,1.0,1.0,0.18555253744125366,0.0,0.0,0.0,0.0,0.0,0.0,1687790471.732582
47.49907875,-0.7153237462043762,0.32319366931915283,0.4857357144355774,1.0,1.0,1.0,0.0,0.0,0.0,0.0,0.0,0.0,1687790471.8322895
47.599245786,-0.7235450148582458,0.24205482006072998,0.3356536328792572,1.0,1.0,1.0,0.0,0.0,0.0,0.0,0.0,0.0,1687790471.9323916
47.698885202,-0.6885992288589478,0.19048000872135162,0.17709489166736603,1.0,1.0,1.0,0.0,0.0,0.0,0.0,0.0,0.0,1687790472.0326648
47.799011707,-0.6111927628517151,0.14994649589061737,-0.0701589584350586,1.0,1.0,1.0,0.0,0.0,0.0,0.0,0.0,0.0,1687790472.1326537
47.899178266,-0.4922633767127991,0.10027644783258438,-0.31869637966156006,1.0,1.0,1.0,0.0,0.0,0.0,0.0,0.0,0.0,1687790472.232662
47.999145031,-0.4061518609523773,0.045857761055231094,-0.3742285966873169,1.0,1.0,1.0,0.0,0.0,0.0,0.0,0.0,0.0,1687790472.3325174
48.098889827,-0.22751599550247192,-0.10393713414669037,-0.7899565696716309,1.0,1.0,1.0,0.0,0.0,0.0,0.0,0.0,0.0,1687790472.4325125
48.198917389,-0.10550431907176971,-0.2627064883708954,-0.9915832877159119,1.0,1.0,1.0,0.0,0.0,0.0,0.0,0.0,0.0,1687790472.532592
48.298969268,-0.00330738490447402,-0.45327186584472656,-1.2014216184616089,1.0,1.0,1.0,0.0,0.0,0.0,0.0,0.0,0.0,1687790472.632563
48.399019718,0.059459246695041656,-0.6707299947738647,-1.4077544212341309,1.0,1.0,1.0,0.0,0.0,0.0,0.0,0.0,0.0,1687790472.732487
48.499622345,0.08078868687152863,-0.9022517800331116,-1.5689915418624878,1.0,0.0,1.0,0.0,0.0,0.0,0.0,0.0,0.0,1687790472.8323598
48.599169969,0.06657089293003082,-1.14174485206604,-1.7207080125808716,1.0,0.0,1.0,0.0,0.0,0.0,0.0,0.0,0.0,1687790472.9323359
48.698974847,0.011912825517356396,-1.3488999605178833,-1.9097697734832764,1.0,0.0,1.0,0.0,0.0,0.0,0.0,0.0,0.0,1687790473.0325744
48.799676418,-0.06965286284685135,-1.5178232192993164,-2.135878801345825,1.0,1.0,1.0,0.0,0.0,0.0,0.0,0.0,0.0,1687790473.1325705
48.899700403,-0.17335669696331024,-1.6472519636154175,-2.3709497451782227,1.0,0.5051729083061218,1.0,0.0,0.0,0.0,0.0,0.0,0.0,1687790473.232376
48.999059915,-0.3072449266910553,-1.754602074623108,-2.519110679626465,1.0,0.0,1.0,0.0,0.0,0.0,0.0,0.0,0.0,1687790473.3322165
49.099076271,-0.47242292761802673,-1.8420794010162354,-2.674107074737549,1.0,0.0,1.0,0.0,0.0,0.0,0.0,0.0,0.0,1687790473.4325473
49.199608326,-0.6265305280685425,-1.8902257680892944,-2.8978230953216553,1.0,0.7526169419288635,1.0,0.0,0.0,0.0,0.0,0.0,0.0,1687790473.5324383
49.299348592,-0.6871270537376404,-1.89747953414917,-2.9788713455200195,1.0,0.0,1.0,0.0,0.0,0.0,0.0,0.0,0.0,1687790473.6327078
49.39927411,-0.6871270537376404,-1.89747953414917,-2.9788713455200195,1.0,0.0,1.0,0.0,0.0,0.0,0.0,0.0,0.0,1687790473.732412
49.499293565,-1.059334397315979,-1.820261836051941,2.710740327835083,1.0,0.0,1.0,0.0,0.0,0.0,0.0,0.0,0.0,1687790473.8323872
49.59908247,-1.1354538202285767,-1.75723397731781,2.5424551963806152,1.0,1.0,1.0,0.0,0.0,0.0,0.0,0.0,0.0,1687790473.932427
49.699123144,-1.1354538202285767,-1.75723397731781,2.5424551963806152,1.0,1.0,1.0,0.0,0.0,0.0,0.0,0.0,0.0,1687790474.0325584
49.798921585,-1.1354538202285767,-1.75723397731781,2.5424551963806152,1.0,1.0,1.0,0.0,0.0,0.0,0.0,0.0,0.0,1687790474.1325932
49.899044513,-1.1354538202285767,-1.75723397731781,2.5424551963806152,1.0,1.0,1.0,0.0,0.0,0.0,0.0,0.0,0.0,1687790474.2324412
49.999238014,-1.1354538202285767,-1.75723397731781,2.5424551963806152,1.0,1.0,1.0,0.0,0.0,0.0,0.0,0.0,0.0,1687790474.3326826
50.099047422,-1.3509949445724487,-1.0917041301727295,1.5412280559539795,1.0,1.0,1.0,0.0,0.0,0.0,0.0,0.0,0.0,1687790474.432565
50.199143409,-1.2925729751586914,-0.7754148244857788,1.2613235712051392,1.0,1.0,1.0,0.0,0.0,0.0,0.0,0.0,0.0,1687790474.5323792
50.298909425,-1.2068737745285034,-0.5597587823867798,1.0995471477508545,1.0,1.0,1.0,0.0,0.0,0.0,0.0,0.0,0.0,1687790474.6325727
50.399099588,-1.0757662057876587,-0.35863009095191956,0.9186965227127075,1.0,1.0,1.0,0.0,0.0,0.0,0.0,0.0,0.0,1687790474.7322474
50.499027729,-0.9191132187843323,-0.16456718742847443,0.7872252464294434,1.0,1.0,0.9072237014770508,0.0,0.0,0.0,0.0,0.0,0.0,1687790474.8324916
50.599057197,-0.7224006056785583,0.0067366259172558784,0.6205456256866455,1.0,1.0,-0.5670338869094849,0.0,0.0,0.0,0.0,0.0,0.0,1687790474.9324906
50.699072599,-0.4912335276603699,0.15147224068641663,0.5044481158256531,1.0,1.0,-0.9588000178337097,0.0,0.0,0.0,0.0,0.0,0.0,1687790475.0324173
50.799124002,-0.24220430850982666,0.26915839314460754,0.4155096113681793,1.0,1.0,-0.9588000178337097,0.0,0.0,0.0,0.0,0.0,0.0,1687790475.1324894
50.898992776,0.01631023734807968,0.3942529857158661,0.5855152606964111,1.0,1.0,-0.9588000178337097,0.0,0.0,0.0,0.0,0.0,0.0,1687790475.2324574
50.998955965,0.26470065116882324,0.5536631345748901,0.7814298868179321,1.0,0.0,-0.9588000178337097,0.0,0.0,0.0,0.0,0.0,0.0,1687790475.332581
51.098967552,0.49136054515838623,0.7454737424850464,0.9081546664237976,1.0,0.0,-0.9588000178337097,0.0,0.0,0.0,0.0,0.0,0.0,1687790475.432597
51.198990583,0.676141083240509,0.9465383887290955,1.0687404870986938,1.0,0.0,-0.9588000178337097,0.0,0.0,0.0,0.0,0.0,0.0,1687790475.5325541
51.298959493,0.8188499212265015,1.1572291851043701,1.1625971794128418,1.0,0.0,-0.9588000178337097,0.0,0.0,0.0,0.0,0.0,0.0,1687790475.632828
51.398921966,0.8272272944450378,1.1655428409576416,1.229665994644165,1.0,1.0,-0.9588000178337097,0.0,0.0,0.0,0.0,0.0,0.0,1687790475.732571
51.499104499,0.8272272944450378,1.1655428409576416,1.229665994644165,1.0,0.0,-0.9588000178337097,0.0,0.0,0.0,0.0,0.0,0.0,1687790475.8326726
51.599154949,0.8272272944450378,1.1655428409576416,1.229665994644165,1.0,0.0,-0.9588000178337097,0.0,0.0,0.0,0.0,0.0,0.0,1687790475.9325724
51.698982,0.8272272944450378,1.1655428409576416,1.229665994644165,1.0,0.0,-0.9588000178337097,0.0,0.0,0.0,0.0,0.0,0.0,1687790476.0325074
51.798892021,0.8272272944450378,1.1655428409576416,1.229665994644165,1.0,0.0,-0.9588000178337097,0.0,0.0,0.0,0.0,0.0,0.0,1687790476.132784
51.899045944,0.8272272944450378,1.1655428409576416,1.229665994644165,1.0,0.886654257774353,-0.9588000178337097,0.0,0.0,0.0,0.0,0.0,0.0,1687790476.2324767
51.999092578,0.8272272944450378,1.1655428409576416,1.229665994644165,1.0,0.443342387676239,-0.9588000178337097,0.0,0.0,0.0,0.0,0.0,0.0,1687790476.3328702
52.099232435,0.8272272944450378,1.1655428409576416,1.229665994644165,1.0,0.0,-0.9588000178337097,0.0,0.0,0.0,0.0,0.0,0.0,1687790476.4324296
52.198950529,0.5455440282821655,2.449197769165039,2.7693915367126465,1.0,0.01031525619328022,-0.9588000178337097,0.0,0.0,0.0,0.0,0.0,0.0,1687790476.5325558
52.298852205,0.40183115005493164,2.4967715740203857,2.9851884841918945,1.0,0.5258033871650696,-0.9588000178337097,0.0,0.0,0.0,0.0,0.0,0.0,1687790476.6323717
52.399174451,0.28420981764793396,2.5019538402557373,-3.1143059730529785,1.0,0.9072542786598206,-0.9588000178337097,0.0,0.0,0.0,0.0,0.0,0.0,1687790476.7324214
52.498992204,0.12735775113105774,2.481146812438965,-2.8782131671905518,1.0,0.08249153196811676,-0.9588000178337097,0.0,0.0,0.0,0.0,0.0,0.0,1687790476.832483
52.598968744,0.12735775113105774,2.481146812438965,-2.8782131671905518,1.0,0.0,-0.9588000178337097,0.0,0.0,0.0,0.0,0.0,0.0,1687790476.9327536
52.699063539,0.12735775113105774,2.481146812438965,-2.8782131671905518,1.0,0.9278847575187683,-0.9588000178337097,0.0,0.0,0.0,0.0,0.0,0.0,1687790477.032669
52.799326181,-0.25271040201187134,2.302687883377075,-2.3695030212402344,1.0,1.0,-0.9588000178337097,0.0,0.0,0.0,0.0,0.0,0.0,1687790477.1326604
52.899076938,-0.25271040201187134,2.302687883377075,-2.3695030212402344,1.0,1.0,-0.9588000178337097,0.0,0.0,0.0,0.0,0.0,0.0,1687790477.2324457
52.998974084,-0.4622858464717865,2.0174479484558105,-1.9733809232711792,1.0,1.0,-0.9588000178337097,0.0,0.0,0.0,0.0,0.0,0.0,1687790477.332645
53.099123001,-0.5640870332717896,1.7598963975906372,-1.773755431175232,1.0,1.0,-0.9588000178337097,0.0,0.0,0.0,0.0,0.0,0.0,1687790477.4324806
53.1991961,-0.6107817888259888,1.5375982522964478,-1.5967097282409668,1.0,1.0,-0.9588000178337097,0.0,0.0,0.0,0.0,0.0,0.0,1687790477.532253
53.299266338,-0.6266593337059021,1.2950139045715332,-1.456229567527771,1.0,1.0,-0.9588000178337097,0.0,0.0,0.0,0.0,0.0,0.0,1687790477.632332
53.399078846,-0.6251364946365356,1.2480543851852417,-1.4065775871276855,1.0,1.0,-0.9588000178337097,0.0,0.0,0.0,0.0,0.0,0.0,1687790477.732451
53.499698162,-0.5531696081161499,0.7777906656265259,-1.1897947788238525,1.0,1.0,-0.9588000178337097,0.0,0.0,0.0,0.0,0.0,0.0,1687790477.8324022
53.598964452,-0.4925800859928131,0.6021235585212708,-1.1069955825805664,1.0,1.0,-0.9588000178337097,0.0,0.0,0.0,0.0,0.0,0.0,1687790477.9328837
53.69887352,-0.43401217460632324,0.44750741124153137,-1.0369079113006592,1.0,0.9072542786598206,-0.04126102477312088,0.0,0.0,0.0,0.0,0.0,0.0,1687790478.0327902
53.798892021,-0.18605057895183563,0.005109839141368866,-0.8394101858139038,1.0,-0.43299660086631775,0.29895931482315063,0.0,0.0,0.0,0.0,0.0,0.0,1687790478.1325352
53.898901462,0.001563722500577569,-0.22854013741016388,-0.7086829543113708,1.0,-1.0,1.0,0.0,0.0,0.0,0.0,0.0,0.0,1687790478.232429
53.999109506,0.17573146522045135,-0.4225773215293884,-0.7548809051513672,1.0,-1.0,1.0,0.0,0.0,0.0,0.0,0.0,0.0,1687790478.3325112
54.099296808,0.31866082549095154,-0.5899499654769897,-0.8004273176193237,1.0,-1.0,1.0,0.0,0.0,0.0,0.0,0.0,0.0,1687790478.4326766
54.199222564,0.4195137917995453,-0.7252675890922546,-0.9395407438278198,1.0,-1.0,1.0,0.0,0.0,0.0,0.0,0.0,0.0,1687790478.5326228
54.299319267,0.46261507272720337,-0.846011221408844,-0.8742456436157227,1.0,-1.0,1.0,0.0,0.0,0.0,0.0,0.0,0.0,1687790478.6324763
54.398959875,0.4939800500869751,-0.91907799243927,-0.9829683899879456,1.0,0.0,1.0,0.0,0.0,0.0,0.0,0.0,0.0,1687790478.732372
54.499060392,0.5302454829216003,-0.9625312685966492,-1.1424893140792847,1.0,1.0,1.0,0.0,0.0,0.0,0.0,0.0,0.0,1687790478.8324213
54.599111557,0.5260477066040039,-1.0331701040267944,-1.1904053688049316,1.0,1.0,1.0,0.0,0.0,0.0,0.0,0.0,0.0,1687790478.9323823
54.699134826,0.5380868315696716,-1.097137212753296,-1.4198194742202759,1.0,1.0,1.0,0.0,0.0,0.0,0.0,0.0,0.0,1687790479.0324614
54.799064159,0.5183988213539124,-1.2464858293533325,-1.5612045526504517,1.0,1.0,1.0,0.0,0.0,0.0,0.0,0.0,0.0,1687790479.1325307
54.899022817,0.4747183620929718,-1.3935381174087524,-1.8999083042144775,1.0,1.0,1.0,0.0,0.0,0.0,0.0,0.0,0.0,1687790479.2325625
54.999203205,0.3875107765197754,-1.553956389427185,-2.100212335586548,1.0,0.0,1.0,0.0,0.0,0.0,0.0,0.0,0.0,1687790479.3322122
55.09891653,0.2666260004043579,-1.7069190740585327,-2.3014512062072754,1.0,0.12372203916311264,1.0,0.0,0.0,0.0,0.0,0.0,0.0,1687790479.432597
55.198898315,0.13279081881046295,-1.821641445159912,-2.54321026802063,1.0,1.0,1.0,0.0,0.0,0.0,0.0,0.0,0.0,1687790479.532708
55.298928737,-0.010008717887103558,-1.8935890197753906,-2.7749531269073486,1.0,0.8969389796257019,1.0,0.0,0.0,0.0,0.0,0.0,0.0,1687790479.632467
55.398950815,-0.18036070466041565,-1.9338533878326416,-2.966503858566284,1.0,0.0,1.0,0.0,0.0,0.0,0.0,0.0,0.0,1687790479.732376
55.499054193,-0.3695565462112427,-1.9427037239074707,-3.139410972595215,1.0,0.0,1.0,0.0,0.0,0.0,0.0,0.0,0.0,1687790479.832475
55.599216699,-0.53803551197052,-1.9189085960388184,2.950727701187134,1.0,0.1752678006887436,1.0,0.0,0.0,0.0,0.0,0.0,0.0,1687790479.9325092
55.699086904,-0.6737537384033203,-1.86409592628479,2.7580549716949463,1.0,1.0,1.0,0.0,0.0,0.0,0.0,0.0,0.0,1687790480.0323362
55.799008607,-0.7912951111793518,-1.7828898429870605,2.514749526977539,1.0,1.0,1.0,0.0,0.0,0.0,0.0,0.0,0.0,1687790480.132498
55.89902544,-0.9036865234375,-1.6619051694869995,2.287156820297241,1.0,1.0,1.0,0.0,0.0,0.0,0.0,0.0,0.0,1687790480.2325463
55.998943805,-1.0059510469436646,-1.5034992694854736,2.075307846069336,1.0,1.0,1.0,0.0,0.0,0.0,0.0,0.0,0.0,1687790480.3325057
56.099062919,-1.0837562084197998,-1.3141546249389648,1.8889342546463013,1.0,1.0,1.0,0.0,0.0,0.0,0.0,0.0,0.0,1687790480.4325428
56.199061632,-1.1307190656661987,-1.10026216506958,1.6832289695739746,1.0,1.0,1.0,0.0,0.0,0.0,0.0,0.0,0.0,1687790480.5324724
56.298935175,-1.140465497970581,-0.8712658286094666,1.5588605403900146,1.0,1.0,1.0,0.0,0.0,0.0,0.0,0.0,0.0,1687790480.6324408
56.399144649,-1.1110960245132446,-0.6318824887275696,1.3961433172225952,1.0,1.0,1.0,0.0,0.0,0.0,0.0,0.0,0.0,1687790480.7323322
56.49915266,-1.0432708263397217,-0.3922443091869354,1.2461698055267334,1.0,1.0,1.0,0.0,0.0,0.0,0.0,0.0,0.0,1687790480.8325891
56.599037647,-0.9407715201377869,-0.15705835819244385,1.0449390411376953,1.0,1.0,1.0,0.0,0.0,0.0,0.0,0.0,0.0,1687790480.9326332
56.698937177,-0.8363473415374756,0.01586293801665306,0.9645349979400635,1.0,1.0,1.0,0.0,0.0,0.0,0.0,0.0,0.0,1687790481.0326738
56.798922062,-0.6215704679489136,0.27953147888183594,0.7437519431114197,1.0,1.0,1.0,0.0,0.0,0.0,0.0,0.0,0.0,1687790481.132409
56.898862123,-0.4070174992084503,0.46518176794052124,0.6552340388298035,1.0,1.0,0.670094907283783,0.0,0.0,0.0,0.0,0.0,0.0,1687790481.2323594
56.998969793,-0.17346569895744324,0.6289332509040833,0.495604544878006,1.0,1.0,-0.9588000178337097,0.0,0.0,0.0,0.0,0.0,0.0,1687790481.3321788
57.099339962,0.06428413838148117,0.7475171685218811,0.4110497534275055,1.0,1.0,-0.9588000178337097,0.0,0.0,0.0,0.0,0.0,0.0,1687790481.4325316
57.198946237,0.3710711896419525,0.8665287494659424,0.328451544046402,1.0,0.0,-0.9588000178337097,0.0,0.0,0.0,0.0,0.0,0.0,1687790481.5326319
57.299081325,0.6507970690727234,0.975242555141449,0.5697597861289978,1.0,0.0,-0.9588000178337097,0.0,0.0,0.0,0.0,0.0,0.0,1687790481.6324346
57.39902544,0.8571480512619019,1.0885088443756104,0.7754341959953308,1.0,-1.0,-0.9588000178337097,0.0,0.0,0.0,0.0,0.0,0.0,1687790481.7324665
57.498973369,1.0962334871292114,1.256734013557434,1.041459083557129,1.0,-1.0,-0.9588000178337097,0.0,0.0,0.0,0.0,0.0,0.0,1687790481.8324876
57.599732875,1.245611310005188,1.3765162229537964,1.1604292392730713,1.0,-1.0,-0.9588000178337097,0.0,0.0,0.0,0.0,0.0,0.0,1687790481.9323788
57.699127674,1.2926642894744873,1.4189362525939941,1.1718624830245972,1.0,-1.0,-0.9588000178337097,0.0,0.0,0.0,0.0,0.0,0.0,1687790482.032646
57.798976183,1.2926642894744873,1.4189362525939941,1.1718624830245972,1.0,-1.0,-0.9588000178337097,0.0,0.0,0.0,0.0,0.0,0.0,1687790482.1323972
57.899680376,1.2926642894744873,1.4189362525939941,1.1718624830245972,1.0,-1.0,-0.9588000178337097,0.0,0.0,0.0,0.0,0.0,0.0,1687790482.2323074
57.998915672,1.2926642894744873,1.4189362525939941,1.1718624830245972,1.0,-1.0,-0.9588000178337097,0.0,0.0,0.0,0.0,0.0,0.0,1687790482.3324356
58.099161386,1.2926642894744873,1.4189362525939941,1.1718624830245972,1.0,-0.5670033693313599,-0.9588000178337097,0.0,0.0,0.0,0.0,0.0,0.0,1687790482.4325042
58.199237823,1.2926642894744873,1.4189362525939941,1.1718624830245972,1.0,0.0,-0.9588000178337097,0.0,0.0,0.0,0.0,0.0,0.0,1687790482.5323834
58.299114942,1.2926642894744873,1.4189362525939941,1.1718624830245972,1.0,0.0,-0.9588000178337097,0.0,0.0,0.0,0.0,0.0,0.0,1687790482.632103
58.399126052,1.2926642894744873,1.4189362525939941,1.1718624830245972,1.0,0.6907559633255005,-0.9588000178337097,0.0,0.0,0.0,0.0,0.0,0.0,1687790482.7323704
58.499198436,1.2926642894744873,1.4189362525939941,1.1718624830245972,1.0,0.43302711844444275,-0.9588000178337097,0.0,0.0,0.0,0.0,0.0,0.0,1687790482.8322449
58.599110603,1.2926642894744873,1.4189362525939941,1.1718624830245972,1.0,0.0,-0.9588000178337097,0.0,0.0,0.0,0.0,0.0,0.0,1687790482.932571
58.699238062,1.2926642894744873,1.4189362525939941,1.1718624830245972,1.0,0.0,-0.9588000178337097,0.0,0.0,0.0,0.0,0.0,0.0,1687790483.032483
58.798897028,1.2926642894744873,1.4189362525939941,1.1718624830245972,1.0,0.2783593237400055,-0.9588000178337097,0.0,0.0,0.0,0.0,0.0,0.0,1687790483.1322138
58.899065256,1.2926642894744873,1.4189362525939941,1.1718624830245972,1.0,0.9175695180892944,-0.9588000178337097,0.0,0.0,0.0,0.0,0.0,0.0,1687790483.2324495
58.999337911,1.4543707370758057,2.091632604598999,2.0041284561157227,1.0,0.443342387676239,-0.9588000178337097,0.0,0.0,0.0,0.0,0.0,0.0,1687790483.3324718
59.099075317,1.4543707370758057,2.091632604598999,2.0041284561157227,1.0,0.29898983240127563,-0.9588000178337097,0.0,0.0,0.0,0.0,0.0,0.0,1687790483.4325929
59.199034452,1.4543707370758057,2.091632604598999,2.0041284561157227,1.0,0.29898983240127563,-0.9588000178337097,0.0,0.0,0.0,0.0,0.0,0.0,1687790483.5321975
59.299093723,1.4543707370758057,2.091632604598999,2.0041284561157227,1.0,0.28867459297180176,-0.9588000178337097,0.0,0.0,0.0,0.0,0.0,0.0,1687790483.6324313
59.399006366,1.4543707370758057,2.091632604598999,2.0041284561157227,1.0,0.29898983240127563,-0.9588000178337097,0.0,0.0,0.0,0.0,0.0,0.0,1687790483.732484
59.499106168,1.4543707370758057,2.091632604598999,2.0041284561157227,1.0,0.29898983240127563,-0.9588000178337097,0.0,0.0,0.0,0.0,0.0,0.0,1687790483.8324451
59.59903264,1.4543707370758057,2.091632604598999,2.0041284561157227,1.0,0.29898983240127563,-0.9588000178337097,0.0,0.0,0.0,0.0,0.0,0.0,1687790483.9324493
59.698984384,0.43817901611328125,2.5181081295013428,-2.9014880657196045,1.0,0.29898983240127563,-0.9588000178337097,0.0,0.0,0.0,0.0,0.0,0.0,1687790484.0324543
59.799152851,0.27309471368789673,2.4684534072875977,-2.6968929767608643,1.0,0.29898983240127563,-0.9588000178337097,0.0,0.0,0.0,0.0,0.0,0.0,1687790484.132546
59.899207353,0.16299676895141602,2.4238438606262207,-2.5843968391418457,1.0,0.29898983240127563,-0.9588000178337097,0.0,0.0,0.0,0.0,0.0,0.0,1687790484.232406
59.999150753,0.16299676895141602,2.4238438606262207,-2.5843968391418457,1.0,0.3196203410625458,-0.9588000178337097,0.0,0.0,0.0,0.0,0.0,0.0,1687790484.332491
