elapsed time,opti x,opti y,opti theta,safety_value,throttle,steering,current,voltage,IMU[0],IMU[1],IMU[2],endocder velocity,vx,vy,omega,total comp time,solver comp time
0.060876847,-1.58575522899628,0.738951563835144,-2.69437074661255,0,0.207246115665572,4.19730439475229E-05,0.270000010728836,7.34999990463257,0.079999998211861,-0.180000007152557,0.449999988079071,0,8.70585354277864E-05,6.145683437353E-05,0.007853982038796,0.081441641,0.060636352
0.180102826,-1.58575487136841,0.738902568817139,-2.6940393447876,0,0.207213061150035,-4.76063642210298E-05,0.319999992847443,7.34999990463257,-0.219999998807907,0.230000004172325,0.019999999552965,0,-2.43584072450176E-05,6.05773930146825E-05,0.000349065841874,0.102549076,0.095255591
0.260818959,-1.58564400672913,0.739079594612122,-2.68928456306458,0,0.207297054782731,4.92902891908964E-05,0.419999986886978,7.34999990463257,-0.03999999910593,-0.090000003576279,0.519999980926514,0,-5.68135947105475E-05,3.33308853441849E-05,0.009075712412596,0.062587976,0.056065729
0.347829104,-1.58575201034546,0.739104151725769,-2.69140315055847,0,0.207235107743841,0.000164223551608,0.439999997615814,7.34999990463257,0.029999999329448,-0.119999997317791,0.790000021457672,0,-6.68240172672085E-05,-6.88449799781665E-05,0.013788101263344,0.079310656,0.062515978
0.432625294,-1.58572471141815,0.739072144031525,-2.69105219841003,0,0.207260243667512,0.00013421577248,0.439999997615814,7.34999990463257,-0.159999996423721,0.129999995231628,0.270000010728836,0,3.76259522454347E-05,-1.09140028143884E-05,0.004712388850749,0.064809084,0.045484168
0.532145024,-1.5857275724411,0.739089369773865,-2.69182419776916,0,0.207301969458566,-4.658181384369E-05,0.439999997615814,7.34999990463257,-0.180000007152557,0.119999997317791,0.790000021457672,0,-3.87623549613636E-05,-0.000107628358819,0.013788101263344,0.089755297,0.069867862
0.595433236,-1.58574712276459,0.73889422416687,-2.6942138671875,0,0.207260426155812,7.79449218393798E-05,0.439999997615814,7.34999990463257,-0.180000007152557,0.119999997317791,0.790000021457672,0,8.08929471531883E-05,0.000108121981611,0.013788101263344,0.054844618,0.049133338
0.696608067,-1.58576393127441,0.738972783088684,-2.69434356689453,0,0.207207035685082,-5.80194246939691E-05,0.370000004768372,7.34999990463257,0.029999999329448,0.100000001490116,0.340000003576279,0,1.87236837518867E-05,-2.58060736086918E-05,0.005934119224548,0.093102455,0.062271189
0.768029929,-1.58577930927277,0.738967001438141,-2.69422006607056,0,0.207223406521267,-3.5210476084463E-05,0.370000004768372,7.34999990463257,0.029999999329448,0.100000001490116,0.340000003576279,0,2.75015572697157E-05,-1.76455523615004E-05,0.005934119224548,0.054198026,0.048887957
0.822079897,-1.58577334880829,0.739000618457794,-2.69424724578857,0,0.207239668438478,-7.1646038829697E-05,0.280000001192093,7.34999990463257,-0.170000001788139,0.009999999776483,0.200000002980232,0,1.89451820915565E-05,-5.05950229126029E-05,0.003490658476949,0.038393259,0.035014145
0.883069992,-1.58573758602142,0.738935053348541,-2.6937427520752,0,0.207306327630194,-3.85605182209304E-05,0.280000001192093,7.34999990463257,-0.170000001788139,0.009999999776483,0.200000002980232,0,9.82907749857986E-06,1.84847376658581E-05,0.003490658476949,0.047246933,0.043679177
1.170112849,-1.58572340011597,0.739056289196014,-2.69051051139832,0,0.207298090430094,-3.12258046313363E-05,0.330000013113022,7.34999990463257,-0.230000004172325,0.159999996423721,0.150000005960464,0,-4.96419197588693E-05,-2.95935169560835E-05,0.002617993857712,0.066295147,0.062952042
1.286950827,-1.58577287197113,0.738978564739227,-2.69420695304871,0,0.207298631622643,-4.93176497195351E-05,0.430000007152557,7.34999990463257,-0.059999998658896,-0.029999999329448,0.519999980926514,0,5.21989459230099E-05,4.8210804379778E-05,0.009075712412596,0.082219363,0.079045125
1.384034872,-1.58574140071869,0.739113628864288,-2.69074869155884,0,0.207294478442152,-0.000106220599748,0.430000007152557,7.34999990463257,0.150000005960464,-0.200000002980232,0.649999976158142,0,-2.51857945841039E-05,-1.99612713913666E-05,0.011344640515745,0.07984209,0.065666755
1.463330985,-1.58573663234711,0.739095807075501,-2.69155716896057,0,0.20723257317498,5.04791081415657E-05,0.430000007152557,7.34999990463257,-0.129999995231628,0.140000000596046,0.109999999403954,0,7.81701601226814E-06,-2.62123148786486E-06,0.001919862232171,0.059583664,0.056568713
1.573986054,-1.58573806285858,0.738926291465759,-2.69422554969788,0,0.207234390546603,0.000100942576681,0.430000007152557,7.34999990463257,-0.270000010728836,0.059999998658896,0.430000007152557,0,4.88473961013369E-05,0.000106772837171,0.007504915818572,0.089413166,0.084011781
1.656702519,-1.58574497699738,0.739073216915131,-2.69099736213684,0,0.207222392626538,-2.04247287870726E-05,0.439999997615814,7.34999990463257,0.159999996423721,-0.300000011920929,0.959999978542328,0,2.21649461309426E-05,-1.86801607924281E-05,0.016755159944296,0.064910888,0.061432025
1.751931906,-1.58574283123016,0.739064514636993,-2.69096517562866,0,0.207223232704636,-4.46569722773079E-05,0.349999994039535,7.34999990463257,0.100000001490116,-0.079999998211861,0.439999997615814,0,-3.56015189026948E-05,-6.99231459293514E-05,0.007679448928684,0.076621771,0.064996998
1.870815516,-1.58574211597443,0.738901019096375,-2.69387364387512,0,0.207303439232107,-5.03036618035464E-05,0.270000010728836,7.34999990463257,-0.200000002980232,0.159999996423721,-0.100000001490116,0,1.63584827532759E-05,3.53021059709135E-05,-0.001745329238474,0.103183032,0.06099259
1.944281102,-1.58573698997498,0.739051878452301,-2.69094753265381,0,0.20727324036666,-0.000134093311338,0.270000010728836,7.34999990463257,0.059999998658896,-0.180000007152557,0.490000009536743,0,1.19236974569503E-05,6.23913365416229E-05,0.008552113547921,0.057259798,0.053412449
2.044076443,-1.58574426174164,0.738962829113007,-2.69483876228333,0,0.207306113075254,-4.62281135247078E-05,0.270000010728836,7.34999990463257,0.129999995231628,-0.109999999403954,0.600000023841858,0,2.8092146749259E-05,8.90736337169074E-05,0.010471975430846,0.076542378,0.071526321
2.136760712,-1.58577704429626,0.738950312137604,-2.69441080093384,0,0.207250601045818,2.50349277302707E-05,0.349999994039535,7.34999990463257,-0.259999990463257,0.239999994635582,0.090000003576279,0,8.3028462540824E-05,6.77947100484744E-05,0.001570796361193,0.063988686,0.060612644
2.226991177,-1.58575987815857,0.739114999771118,-2.69095969200134,0,0.207221276310209,-3.45719989290479E-05,0.430000007152557,7.34999990463257,-0.25,0,0.579999983310699,0,9.63690035860054E-06,-5.63112007512245E-05,0.010122909210622,0.0750072,0.064181417
2.326488972,-1.58574366569519,0.739082276821137,-2.69075727462769,0,0.207231690984339,7.43633373875638E-05,0.439999997615814,7.34999990463257,0.159999996423721,-0.219999998807907,0.639999985694885,0,1.78481423063204E-05,-1.58352377184201E-05,0.011170106939972,0.087349176,0.06649928
2.416552306,-1.58575785160065,0.739078938961029,-2.69051551818848,0,0.207218740003633,-3.59332568878084E-05,0.439999997615814,7.34999990463257,-0.100000001490116,0.129999995231628,0.330000013113022,0,6.16841407463653E-06,-3.35924414684996E-05,0.005759586580098,0.075934887,0.070088911
2.528816939,-1.58574879169464,0.738952338695526,-2.69453048706055,0,0.207216108500353,-1.24096273243979E-05,0.439999997615814,7.34999990463257,-0.219999998807907,0.050000000745058,0.579999983310699,0,7.67954679758986E-06,-1.27819739645929E-05,0.010122909210622,0.090866327,0.078396058
2.618703127,-1.58577656745911,0.738971769809723,-2.69441151618958,0,0.207220678452609,0.000135571083719,0.430000007152557,7.34999990463257,0.100000001490116,-0.340000003576279,0.879999995231628,0,8.46022703626659E-06,2.27834843826713E-05,0.015358897857368,0.070203781,0.056209785
2.703362465,-1.58576881885529,0.738961577415466,-2.69439005851746,0,0.207225727504369,-7.09325527038594E-06,0.330000013113022,7.34999990463257,0.119999997317791,0,0.439999997615814,0,1.11719214146433E-06,-1.28021310956683E-05,0.007679448928684,0.059367657,0.050776935
2.775324107,-1.58573627471924,0.739044845104218,-2.69097852706909,0,0.207246556145391,-7.33870871836222E-06,0.330000013113022,7.34999990463257,0.119999997317791,0,0.439999997615814,0,-4.37325688835699E-05,8.24914022814482E-05,0.007679448928684,0.047017336,0.032474056
2.87567401,-1.58575296401978,0.738929927349091,-2.6945207118988,0,0.207296581837828,8.0696922097259E-07,0.270000010728836,7.34999990463257,-0.150000005960464,0.219999998807907,0.019999999552965,0,1.4170724170981E-05,1.54618101078086E-05,0.000349065841874,0.078503132,0.068890553
2.915095568,-1.58571517467499,0.739022076129913,-2.69080924987793,0,0.207213176916092,-5.73000696017544E-05,0.270000010728836,7.34999990463257,0.090000003576279,-0.070000000298023,0.400000005960465,0,-2.76213286269922E-05,-4.42765303887427E-05,0.006981316953897,0.031101227,0.027192824
3.020087719,-1.58573293685913,0.739063203334808,-2.69190287590027,0,0.207298202355896,-5.71689150284926E-05,0.270000010728836,7.34999990463257,0.170000001788139,-0.180000007152557,0.400000005960465,0,-3.88337721233256E-05,-0.000108651714982,0.006981316953897,0.074478626,0.062691141
3.108512402,-1.5857720375061,0.73894190788269,-2.69465661048889,0,0.207259949752585,7.80975971847728E-05,0.370000004768372,7.34999990463257,-0.270000010728836,0.189999997615814,0.070000000298023,0,1.41098480526125E-05,1.66739300766494E-05,0.001221730490215,0.073901892,0.064244179
3.204402924,-1.58576309680939,0.738953173160553,-2.69440507888794,0,0.207291745260935,-0.000146894982381,0.430000007152557,7.34999990463257,-0.180000007152557,-0.019999999552965,0.469999998807907,0,2.23023434955394E-05,-7.11663005859009E-06,0.008203047327697,0.069743872,0.064698762
3.280011416,-1.58578085899353,0.738929808139801,-2.69465970993042,0,0.207216618730172,-4.19572133865042E-05,0.430000007152557,7.34999990463257,-0.180000007152557,-0.019999999552965,0.469999998807907,0,7.33877459424548E-05,8.76193735166453E-05,0.008203047327697,0.045837163,0.027995027
3.464288474,-1.58575963973999,0.739113211631775,-2.691326379776,0,0.207273958058495,-0.000144083676455,0.430000007152557,7.34999990463257,0.029999999329448,0.100000001490116,0.219999998807907,0,2.88771752821049E-06,-3.00727751891827E-05,0.003839724464342,0.130041838,0.11329296
3.552265883,-1.58573412895203,0.739046037197113,-2.69142627716064,0,0.20727028221083,0.000122398925809,0.430000007152557,7.34999990463257,-0.28999999165535,0.170000001788139,0.560000002384186,0,-5.46342882046247E-08,1.55120833369438E-05,0.009773843921721,0.076454639,0.066991862
3.646255732,-1.5857675075531,0.73895674943924,-2.69443774223328,0,0.207235721661883,1.09192429318997E-07,0.409999996423721,7.34999990463257,0.079999998211861,-0.330000013113022,0.699999988079071,0,2.72640613729891E-06,-2.11109490919625E-05,0.012217304669321,0.071606636,0.066959302
3.738461733,-1.58575403690338,0.739079475402832,-2.69067025184631,0,0.20730941394426,-5.55124039846319E-06,0.310000002384186,7.34999990463257,0.109999999403954,-0.129999995231628,0.569999992847443,0,-4.83096482639667E-05,-4.85116615891457E-05,0.009948376566172,0.072381734,0.059329515
3.863443852,-1.58573842048645,0.738898873329163,-2.69467449188232,0,0.207297784981801,-0.000151145114961,0.270000010728836,7.34999990463257,-0.109999999403954,0.200000002980232,0.180000007152557,0,2.69309225586767E-06,5.77307655476034E-05,0.003141592722386,0.076211453,0.066189637
3.974575997,-1.58563673496246,0.739172637462616,-2.68751645088196,0,0.207225343117837,-3.06060610072562E-05,0.270000010728836,7.34999990463257,0.03999999910593,0.009999999776483,0.349999994039535,0,-0.000111901710625,-1.99266578420065E-05,0.00610865233466,0.087911129,0.072259899
4.064745427,-1.58576059341431,0.739083826541901,-2.69103956222534,0,0.207264782888991,0.000319436698902,0.28999999165535,7.34999990463257,0.159999996423721,-0.230000004172325,0.509999990463257,0,1.16599940156448E-05,-8.91107174538774E-06,0.008901178836823,0.074286699,0.052835605
4.15302682,-1.58574080467224,0.73906809091568,-2.6909167766571,0,0.207316559560442,-4.2681162187838E-06,0.389999985694885,7.34999990463257,-0.029999999329448,0.129999995231628,0.180000007152557,0,-9.54834649746772E-06,-1.31832007355115E-06,0.003141592722386,0.065446616,0.054400621
4.248078108,-1.58575582504272,0.738949537277222,-2.69474720954895,0,0.207317550842764,1.48367511730439E-05,0.430000007152557,7.34999990463257,-0.300000011920929,0.100000001490116,0.209999993443489,0,-1.36791386466939E-05,-1.28644487631391E-05,0.00366519135423,0.067882538,0.054698341
4.352210761,-1.58574509620667,0.738925457000732,-2.69470572471619,0,0.207319695565959,2.77491701389794E-05,0.430000007152557,7.34999990463257,0.100000001490116,-0.239999994635582,0.759999990463257,0,-8.75934165378567E-06,-3.69443005183712E-05,0.01326450239867,0.093449116,0.067891455
4.431861163,-1.58574759960175,0.739080488681793,-2.69153714179993,0,0.207313296920202,1.77636817190318E-05,0.430000007152557,7.34999990463257,0.079999998211861,0.029999999329448,0.540000021457672,0,-4.93764309794642E-05,-8.65451293066144E-05,0.009424777701497,0.071449279,0.039949258
4.519965172,-1.58573460578918,0.738927364349365,-2.69504165649414,0,0.207256292780288,9.92015968205241E-05,0.430000007152557,7.34999990463257,-0.25,0.180000007152557,0.419999986886978,0,5.16171385243069E-05,5.33528655068949E-05,0.00733038270846,0.08016181,0.055891333
4.596789837,-1.58573532104492,0.739016532897949,-2.69119071960449,0,0.207307004715196,-0.000105269528259,0.430000007152557,7.34999990463257,-0.25,0.180000007152557,0.419999986886978,0,-4.40019903180655E-05,-2.945458436443E-05,0.00733038270846,0.062552929,0.059483709
4.715670109,-1.58573198318481,0.739055037498474,-2.69099497795105,0,0.207306029918328,-1.70058047263544E-05,0.28999999165535,7.34999990463257,0.170000001788139,-0.300000011920929,0.730000019073486,0,1.69422332874092E-06,1.02156973298406E-05,0.012740903533995,0.080040931,0.071165524
4.80773449,-1.58571648597717,0.739012062549591,-2.69148063659668,0,0.207224483001945,-3.37989019364707E-06,0.270000010728836,7.34999990463257,-0.059999998658896,0.170000001788139,0.090000003576279,0,-1.31752528886864E-06,2.4571105313953E-05,0.001570796361193,0.073767185,0.07050538
4.89976573,-1.58573091030121,0.739064991474152,-2.69096302986145,0,0.207227610687816,8.10749389720599E-05,0.270000010728836,7.34999990463257,-0.170000001788139,0,0.360000014305115,0,4.28458042733837E-06,2.49841359618586E-05,0.006283185444772,0.065277338,0.062208172
5.020308495,-1.58578789234161,0.738943755626678,-2.69443941116333,0,0.207324531883833,1.96748300008311E-05,0.310000002384186,7.34999990463257,0.129999995231628,-0.230000004172325,0.730000019073486,0,1.99634196178522E-05,-1.58623315655859E-05,0.012740903533995,0.085776806,0.066827556
5.115974904,-1.5857447385788,0.738946735858917,-2.69470715522766,0,0.207305833503501,-4.0649451600171E-05,0.409999996423721,7.34999990463257,0.03999999910593,0.070000000298023,0.370000004768372,0,4.67794088763185E-05,8.97367135621607E-05,0.006457718089223,0.08121705,0.068097307
5.224219799,-1.58576965332031,0.739096939563751,-2.69099545478821,0,0.2073025735774,-9.53158272356473E-05,0.430000007152557,7.34999990463257,-0.280000001192093,0.209999993443489,0.239999994635582,0,3.98614702135092E-06,-2.59437692875508E-05,0.004188789986074,0.089926243,0.07519865
5.301340104,-1.58576345443726,0.738932490348816,-2.69400835037231,0,0.207233089956673,-8.03294495094434E-06,0.430000007152557,7.34999990463257,-0.059999998658896,0.009999999776483,0.629999995231628,0,1.56450332724489E-05,-1.26537115647807E-05,0.010995574295521,0.0673635,0.062029778
5.416070939,-1.58577013015747,0.738965570926666,-2.69478631019592,0,0.20729611200395,-0.000112622226686,0.430000007152557,7.34999990463257,0.109999999403954,-0.129999995231628,0.769999980926514,0,4.73749860248063E-05,4.65284356323537E-05,0.01343903504312,0.081286907,0.06659797
5.480215073,-1.58577156066895,0.738974213600159,-2.69448328018188,0,0.207309522636222,-9.65741310539372E-05,0.430000007152557,7.34999990463257,0.109999999403954,-0.129999995231628,0.769999980926514,0,-1.90268892765744E-05,-3.05651519738603E-05,0.01343903504312,0.046111107,0.043504666
5.623182059,-1.58565497398376,0.739075839519501,-2.68925023078918,0,0.207309574093541,-8.64834828692622E-05,0.370000004768372,7.34999990463257,-0.119999997317791,-0.009999999776483,0.25,0,-7.51903862692416E-05,4.17165429098532E-05,0.004363323096186,0.089125634,0.085494899
5.70948577,-1.585777759552,0.738976120948792,-2.69462442398071,0,0.20719041317925,0.00014987432817,0.270000010728836,7.34999990463257,-0.119999997317791,-0.009999999776483,0.25,0,7.5761774496641E-05,2.92468539555557E-05,0.012217304669321,0.072781086,0.042718172
5.839373112,-1.58575761318207,0.738905608654022,-2.69407987594604,0,0.207285378560617,3.04328339143923E-06,0.270000010728836,7.34999990463257,0.159999996423721,0.019999999552965,0.400000005960465,0,6.26398978056386E-05,4.85529053548817E-05,0.006981316953897,0.094445228,0.08959845
5.928878069,-1.58576309680939,0.738977789878845,-2.6942253112793,0,0.207282873766677,-0.000119706302244,0.270000010728836,7.34999990463257,-0.150000005960464,0.25,0.209999993443489,0,-4.39173345512245E-06,-1.81054201675579E-05,0.00366519135423,0.065234423,0.061961961
6.036451579,-1.58572232723236,0.739041090011597,-2.69146227836609,0,0.207238969482378,-9.74190204097723E-06,0.340000003576279,7.34999990463257,0.009999999776483,-0.090000003576279,0.540000021457672,0,-5.55681472178549E-05,-8.97240097401664E-05,0.009424777701497,0.094991684,0.066934961
6.099426508,-1.58576023578644,0.738960683345795,-2.69464802742004,0,0.207315447668706,8.76563925439151E-06,0.430000007152557,7.34999990463257,-0.009999999776483,-0.109999999403954,0.600000023841858,0,4.70741615572479E-05,2.04632342502009E-05,0.010471975430846,0.040908814,0.037487851
6.216679335,-1.58573222160339,0.739030241966248,-2.69116830825806,0,0.207225565699782,1.65534160800889E-05,0.430000007152557,7.34999990463257,-0.180000007152557,0.239999994635582,0.150000005960464,0,-3.60058547812514E-05,-9.12688774405979E-05,0.002617993857712,0.082747221,0.078559191
6.308840037,-1.58572149276733,0.739043772220612,-2.69138979911804,0,0.207235218819687,7.22490549630855E-05,0.439999997615814,7.34999990463257,-0.180000007152557,0.019999999552965,0.519999980926514,0,-2.33545029004745E-06,-1.18096240839805E-05,0.009075712412596,0.074721098,0.063563143
6.38419509,-1.58574426174164,0.739065170288086,-2.69076943397522,0,0.207255074905729,0.000107509763078,0.439999997615814,7.34999990463257,-0.180000007152557,0.019999999552965,0.519999980926514,0,-4.55845747637795E-06,6.15428944001906E-05,0.009075712412596,0.049705744,0.046379456
6.512480021,-1.58563029766083,0.739193439483643,-2.68775248527527,0,0.207266252738796,9.69236422652256E-05,0.439999997615814,7.34999990463257,0.180000007152557,-0.109999999403954,0.75,0,-9.29728557821363E-05,-9.84066355158575E-05,0.013089969754219,0.078303576,0.065698229
6.597688437,-1.58575856685638,0.739102065563202,-2.69117832183838,0,0.207326918466237,0.000188254986885,0.349999994039535,7.34999990463257,-0.170000001788139,0.170000001788139,0.230000004172325,0,2.04139428205963E-06,-8.8856022557593E-06,0.004014257341623,0.057432175,0.038719965
6.702059269,-1.58571374416351,0.738892257213593,-2.69425296783447,0,0.207254123801533,7.73736441374153E-05,0.270000010728836,7.34999990463257,0.109999999403954,-0.140000000596046,0.529999971389771,0,2.91061746793275E-06,7.38341841497458E-05,0.009250245057046,0.058312654,0.055215771
6.803555727,-1.58576154708862,0.739092767238617,-2.69111919403076,0,0.207218706879948,-1.16033378265872E-05,0.270000010728836,7.34999990463257,0.140000000596046,-0.180000007152557,0.529999971389771,0,-5.24455754202791E-05,-0.000152129563503,0.009250245057046,0.067456484,0.064219397
6.882540942,-1.58574163913727,0.738953232765198,-2.69470548629761,0,0.207259419490718,7.18626591820891E-05,0.270000010728836,7.34999990463257,0.140000000596046,-0.180000007152557,0.529999971389771,0,9.59977478487417E-06,3.60731828550343E-05,0.009250245057046,0.04331398,0.02782256
6.989885092,-1.58567464351654,0.738942503929138,-2.69336104393005,0,0.207202599366466,-1.58456247185887E-05,0.360000014305115,7.34999990463257,-0.100000001490116,0.140000000596046,0.079999998211861,0,-3.65572523151059E-05,7.47285739635117E-05,0.001396263367496,0.055532455,0.05236221
7.102027178,-1.58573937416077,0.73906147480011,-2.69177174568176,0,0.207238211937951,6.90608402388116E-05,0.439999997615814,7.34999990463257,0.019999999552965,-0.209999993443489,0.629999995231628,0,2.91501091851387E-05,2.73048444796586E-05,0.010995574295521,0.066077709,0.058952672
7.196557284,-1.58574712276459,0.739088177680969,-2.6908586025238,0,0.207228912127683,4.40347588394911E-05,0.430000007152557,7.34999990463257,0.019999999552965,-0.059999998658896,0.449999988079071,0,-3.98415286326781E-05,-9.92549685179256E-05,0.007853982038796,0.06229043,0.050271281
7.315853358,-1.58572018146515,0.739039003849029,-2.690678358078,0,0.207303253374804,-1.81117972599029E-05,0.430000007152557,7.34999990463257,-0.230000004172325,0.270000010728836,0.340000003576279,0,1.72083105098864E-06,8.20489003672265E-06,0.005934119224548,0.081822872,0.070125188
7.408970833,-1.58572709560394,0.739031195640564,-2.69090700149536,0,0.207212696943749,-3.43468430331106E-06,0.430000007152557,7.34999990463257,0.019999999552965,-0.050000000745058,0.680000007152557,0,1.39794310598518E-05,1.76712255779421E-05,0.011868238449097,0.068998337,0.062453873
7.514889956,-1.58572685718536,0.739054322242737,-2.69125914573669,0,0.207252667746498,6.92657953005289E-05,0.430000007152557,7.34999990463257,0.189999997615814,-0.28999999165535,0.759999990463257,0,1.11462995846523E-05,-5.69800204175408E-06,0.01326450239867,0.080158711,0.064978012
7.604546071,-1.58572971820831,0.739047288894653,-2.6913731098175,0,0.207228744601529,-2.24719628976312E-05,0.330000013113022,7.34999990463257,0.03999999910593,0.070000000298023,0.25,0,1.48186029491626E-06,1.94588646991178E-05,0.004363323096186,0.069645405,0.054147707
7.676477671,-1.58572113513947,0.739042043685913,-2.69147777557373,0,0.207302078999429,-5.06355179091445E-05,0.330000013113022,7.34999990463257,0.03999999910593,0.070000000298023,0.25,0,1.97445478988811E-05,8.94550157681806E-06,0.004363323096186,0.040842056,0.029569069
7.807503462,-1.58570921421051,0.73888224363327,-2.69442844390869,0,0.207221981909302,-1.05963246057364E-05,0.270000010728836,7.34999990463257,0.119999997317791,-0.200000002980232,0.579999983310699,0,-9.4329661806114E-06,6.53803363093175E-05,0.010122909210622,0.073304415,0.062991629
7.908015252,-1.58577764034271,0.739010393619537,-2.69389963150024,0,0.207269611244139,-0.00011517983719,0.280000001192093,7.34999990463257,0.109999999403954,-0.109999999403954,0.519999980926514,0,3.62694640898553E-06,-2.02040919248248E-05,0.009075712412596,0.07387662,0.069927621
7.97123766,-1.58574044704437,0.738926768302918,-2.69373893737793,0,0.207235671917028,-1.66230849206619E-05,0.280000001192093,7.34999990463257,0.109999999403954,-0.109999999403954,0.519999980926514,0,1.05864864963223E-05,4.04073216486722E-05,0.009075712412596,0.037332535,0.033650714
8.09525013,-1.58576667308807,0.738962113857269,-2.69352316856384,0,0.207294373861493,-0.000116036105489,0.430000007152557,7.34999990463257,-0.340000003576279,0.100000001490116,0.439999997615814,0,5.53255777049344E-05,0.000139645824675,0.007679448928684,0.061506987,0.057948702
8.20258379,-1.58570802211761,0.738905310630798,-2.69441723823547,0,0.207190822898149,4.41313338803824E-06,0.439999997615814,7.34999990463257,0.059999998658896,-0.239999994635582,0.709999978542328,0,-6.8708627622982E-06,1.18435282274731E-05,0.012391837313771,0.068301678,0.054178755
8.306721449,-1.5857515335083,0.73904937505722,-2.69075560569763,0,0.207306347438586,-8.04223165607936E-05,0.430000007152557,7.34999990463257,0.079999998211861,0.129999995231628,0.479999989271164,0,-3.10922259814106E-05,-8.32255755085498E-05,0.008377579972148,0.071200609,0.068360936
8.415776253,-1.58573663234711,0.73901641368866,-2.69101905822754,0,0.207298084961599,-7.42511932365325E-05,0.430000007152557,7.34999990463257,-0.209999993443489,0.140000000596046,0.340000003576279,0,-4.36746304330882E-05,-3.93815389543306E-05,0.005934119224548,0.080295563,0.077552562
8.510022402,-1.58574843406677,0.739029467105866,-2.69084596633911,0,0.207231818795196,8.75674088579455E-05,0.409999996423721,7.34999990463257,0.119999997317791,-0.189999997615814,0.670000016689301,0,-3.87571308237966E-05,-6.33945310255513E-05,0.011693705804646,0.073692084,0.064640927
8.615662337,-1.58574724197388,0.739024996757507,-2.6911997795105,0,0.207276606350485,-3.84064318133109E-05,0.310000002384186,7.34999990463257,0.129999995231628,-0.200000002980232,0.730000019073486,0,-3.20060535159428E-05,-7.8345176007133E-05,0.012740903533995,0.081841707,0.074993591
8.712046624,-1.58575260639191,0.739041388034821,-2.69119000434875,0,0.20723608247003,6.42140251656767E-05,0.270000010728836,7.34999990463257,-0.079999998211861,0.119999997317791,0.100000001490116,0,8.03442162577994E-06,-4.19252592109842E-06,0.001745329238474,0.076817513,0.073145226
8.802791119,-1.58575987815857,0.738917052745819,-2.69357490539551,0,0.207303094045563,-4.32501635803184E-05,0.270000010728836,7.34999990463257,-0.239999994635582,0.03999999910593,0.370000004768372,0,3.16551449941471E-05,1.17116014735075E-05,0.006457718089223,0.068503856,0.058528459
8.912041426,-1.58571875095367,0.738915324211121,-2.6950089931488,0,0.207313310556853,-9.14235092858706E-05,0.28999999165535,7.34999990463257,0.079999998211861,-0.270000010728836,0.759999990463257,0,2.00319973373553E-05,7.3443676228635E-05,0.01326450239867,0.078183174,0.075508678
9.005587578,-1.58578658103943,0.738990724086762,-2.69398593902588,0,0.207251198381833,4.67538344154999E-05,0.389999985694885,7.34999990463257,0.090000003576279,0.050000000745058,0.389999985694885,0,-5.34792479811586E-06,-3.40032274834812E-05,0.006806784309447,0.070392609,0.067317779
9.104757548,-1.58573043346405,0.739030182361603,-2.69142913818359,0,0.20723491477384,4.05432372208752E-06,0.430000007152557,7.34999990463257,-0.319999992847443,0.170000001788139,0.200000002980232,0,2.20530324668289E-07,-2.26321371883387E-05,0.003490658476949,0.069987059,0.058259105
9.206158877,-1.58576321601868,0.739135682582855,-2.69114446640015,0,0.207312536247445,9.50179772794304E-06,0.430000007152557,7.34999990463257,0.029999999329448,-0.140000000596046,0.660000026226044,0,-1.69296636158833E-05,-3.16392106469721E-05,0.011519173160195,0.071450234,0.067212478
9.274190665,-1.58578741550446,0.739024460315704,-2.69437098503113,0,0.207326998156175,6.06934913305087E-05,0.430000007152557,7.34999990463257,0.029999999329448,-0.140000000596046,0.660000026226044,0,2.32617167057469E-05,2.47648313234095E-05,0.011519173160195,0.040087223,0.025619749
9.404483796,-1.58572006225586,0.739042341709137,-2.6909065246582,0,0.2071896540506,0.000152589099966,0.439999997615814,7.34999990463257,0.059999998658896,0.100000001490116,0.370000004768372,0,-1.22193050628994E-05,4.02125224354677E-05,0.006457718089223,0.070561409,0.067535238
9.496733666,-1.58572030067444,0.739056885242462,-2.69119811058044,0,0.207243261871955,0.000112514581647,0.389999985694885,7.34999990463257,-0.219999998807907,0.059999998658896,0.409999996423721,0,-3.5640903206513E-06,-1.08582871689578E-05,0.007155850064009,0.058131695,0.050331753
9.612445832,-1.58573889732361,0.739087164402008,-2.69078516960144,0,0.20731985075755,4.4330974783903E-05,0.28999999165535,7.34999990463257,0.200000002980232,-0.330000013113022,0.639999985694885,0,-8.43655288917944E-06,-1.37626548166736E-05,0.011170106939972,0.078347206,0.061525883
9.678529025,-1.58564221858978,0.739063858985901,-2.6894223690033,0,0.207311293029587,-2.13286892869506E-06,0.28999999165535,7.34999990463257,0.200000002980232,-0.330000013113022,0.639999985694885,0,-5.48337593500037E-05,9.42874157772167E-06,0.011170106939972,0.041412354,0.029164352
9.803611756,-1.58573567867279,0.738935947418213,-2.69509553909302,0,0.207286111924186,-8.64068052574652E-05,0.270000010728836,7.34999990463257,-0.239999994635582,0.259999990463257,0.019999999552965,0,-2.15527634281898E-05,-1.40840656968066E-05,0.000349065841874,0.069193363,0.049287308
9.900162459,-1.5857652425766,0.738968014717102,-2.6943564414978,0,0.207214117468641,5.08415721023017E-06,0.310000002384186,7.34999990463257,-0.140000000596046,0.079999998211861,0.449999988079071,0,1.46035290526925E-05,-5.87357726544724E-06,0.007853982038796,0.065725327,0.051285335
10.006453991,-1.58574318885803,0.739114940166473,-2.69151735305786,0,0.207211654410044,-2.51609588555131E-05,0.409999996423721,7.34999990463257,0.059999998658896,-0.209999993443489,0.759999990463257,0,-8.50921787787229E-06,-5.61916531296447E-05,0.01326450239867,0.072055578,0.064144665
10.096838713,-1.585777759552,0.739142179489136,-2.69100189208984,0,0.207231643686006,0.000270987571309,0.430000007152557,7.34999990463257,0.029999999329448,0.129999995231628,0.449999988079071,0,-3.31776318489574E-05,-0.000120721000712,0.007853982038796,0.061640978,0.055355893
10.197422982,-1.58562052249908,0.739110827445984,-2.68833208084106,0,0.207178191735605,0.000266541528438,0.439999997615814,7.34999990463257,-0.310000002384186,0.100000001490116,0.340000003576279,0,-5.84655317652505E-05,1.85816315934062E-05,0.005934119224548,0.06256485,0.048145712
10.29231453,-1.58576917648315,0.738968014717102,-2.69417262077332,0,0.207234609360642,0.000187267097084,0.430000007152557,7.34999990463257,0.079999998211861,-0.200000002980232,0.839999973773956,0,9.50166868278757E-05,7.59855465730652E-05,0.005934119224548,0.058296204,0.054232314
10.406710387,-1.585728764534,0.739106833934784,-2.68931531906128,0,0.207305213343552,-3.68044703853154E-05,0.430000007152557,7.34999990463257,0.170000001788139,-0.009999999776483,0.790000021457672,0,2.9915639970568E-05,-3.3145410270663E-05,0.013788101263344,0.061587096,0.050612663
10.496929408,-1.5856682062149,0.739082515239716,-2.68906831741333,0,0.207194246179243,0.00018768989607,0.379999995231628,7.34999990463257,-0.129999995231628,0.079999998211861,0.180000007152557,0,-5.96353638684377E-05,-0.000104144986835,0.003141592722386,0.062963724,0.049990715
10.611625433,-1.58572602272034,0.739096522331238,-2.69097089767456,0,0.207321763035959,1.64351591620699E-05,0.280000001192093,7.34999990463257,-0.159999996423721,-0.090000003576279,0.430000007152557,0,2.03092185984133E-05,1.89584795862174E-06,0.007504915818572,0.077125073,0.072839492
10.727171183,-1.58575451374054,0.738973319530487,-2.6943256855011,0,0.207298711480211,-5.24548878651953E-05,0.270000010728836,7.34999990463257,0.230000004172325,-0.200000002980232,0.560000002384186,0,2.4233055228251E-05,2.25896455958718E-05,0.009773843921721,0.090931177,0.083099968
10.814540863,-1.58564984798431,0.739074885845184,-2.68940997123718,0,0.207219190182455,-6.39147766293229E-05,0.270000010728836,7.34999990463257,0.100000001490116,0.109999999403954,0.270000010728836,0,-3.84294144168962E-05,5.37078121851664E-05,0.004712388850749,0.068411588,0.063846081
10.977653742,-1.58573913574219,0.739058494567871,-2.69165468215942,0,0.207185151075674,7.664008663473E-05,0.319999992847443,7.34999990463257,-0.280000001192093,0.170000001788139,-0.019999999552965,0,-9.32679176912643E-06,-7.00995442457497E-05,-0.000349065841874,0.140526295,0.071173042
11.142008782,-1.58575928211212,0.738982856273651,-2.69418907165527,0,0.299999907497545,9.43810898431669E-05,0.430000007152557,7.34999990463257,0.03999999910593,-0.170000001788139,0.660000026226044,0,-1.63081804203102E-05,5.1224953494966E-05,0.011519173160195,0.056448936,0.046127679
11.234928847,-1.58575046062469,0.739094197750092,-2.69114184379578,0,0.299999907520549,-5.66676076122226E-05,0.430000007152557,7.34999990463257,-0.140000000596046,0.150000005960464,0.370000004768372,0,5.16186155437026E-05,-4.15249305660836E-05,0.006457718089223,0.062880278,0.045981565
11.314854384,-1.58574712276459,0.739104866981506,-2.6904878616333,0,0.299999907507194,-0.00011122881174,0.430000007152557,7.34999990463257,-0.230000004172325,0.100000001490116,0.519999980926514,0,2.96672842523549E-05,6.71097877784632E-05,0.009075712412596,0.042913199,0.019953967
11.414854527,-1.58573710918427,0.739062070846558,-2.69082045555115,0,0.299999907518724,-9.64260267204017E-05,0.430000007152557,7.34999990463257,0.150000005960464,-0.280000001192093,1.01999998092651,0,3.73510483768769E-05,-2.66443839791464E-05,0.017802357673645,0.042880774,0.021874771
11.508182049,-1.58573818206787,0.739076673984528,-2.6907262802124,0,0.299999907508503,0.000106285493058,0.360000014305115,7.34999990463257,0.140000000596046,0,0.400000005960465,0,-8.70767617016099E-05,-6.93269466864876E-05,0.006981316953897,0.037223101,0.032962182
11.606779099,-1.58572721481323,0.73906135559082,-2.69079566001892,0,0.299999907500574,1.18463060599636E-05,0.270000010728836,7.34999990463257,-0.189999997615814,0.119999997317791,0.050000000745058,0,-9.79676860879408E-06,-4.08922023780178E-05,0.000872664619237,0.035012723,0.019887482
11.710033417,-1.58577847480774,0.738959014415741,-2.69430351257324,0,0.299999907522572,-4.37678197102459E-05,0.270000010728836,7.34999990463257,0.090000003576279,-0.109999999403954,0.319999992847443,0,3.51809285348281E-05,-2.19341327465372E-05,0.005585053469986,0.038981437,0.02855962
11.815020085,-1.58573949337006,0.739082932472229,-2.69070172309875,0,0.299999907509352,-8.95900321043824E-05,0.270000010728836,7.34999990463257,0.200000002980232,-0.140000000596046,0.400000005960465,0,2.54558872256894E-05,8.40610391605878E-06,0.006981316953897,0.043911218,0.02129128
11.90656519,-1.58575963973999,0.739100635051727,-2.69160914421082,0,0.299999907533879,4.25286228328441E-06,0.340000003576279,7.34999990463257,-0.180000007152557,0.109999999403954,0.180000007152557,0,3.51501648765407E-06,-3.43193096341565E-05,0.003141592722386,0.035428524,0.026300632
12.003980875,-1.58574223518372,0.739093959331512,-2.69105434417725,0,0.299999907523344,-3.63550998309726E-05,0.430000007152557,7.34999990463257,-0.300000011920929,0.029999999329448,0.270000010728836,0,1.46969787238049E-05,-6.50641868560342E-06,0.004712388850749,0.033260107,0.029726185
12.114988089,-1.58571743965149,0.738902926445007,-2.69493556022644,0,0.299999907494272,-2.46710232347435E-05,0.430000007152557,7.34999990463257,0.109999999403954,-0.230000004172325,0.600000023841858,0,-3.60022113454761E-06,4.53979446319863E-05,0.010471975430846,0.043527842,0.030127336
12.211443663,-1.58574986457825,0.738914668560028,-2.69495677947998,0,0.299999907525527,-4.25159137982944E-05,0.430000007152557,7.34999990463257,0.150000005960464,0.029999999329448,0.509999990463257,0,3.4055487049045E-05,-1.05321532828384E-05,0.008901178836823,0.039239406,0.026160343
12.306969166,-1.58577311038971,0.738956212997437,-2.69452357292175,0,0.299999907495828,-2.63492645253588E-05,0.430000007152557,7.34999990463257,-0.150000005960464,0.189999997615814,0.340000003576279,0,2.16229400393786E-05,9.77906165644527E-06,0.005934119224548,0.035871506,0.022415273
12.405200243,-1.58570003509521,0.739047884941101,-2.69099569320679,0,0.299999907529851,-7.2642701899938E-07,0.430000007152557,7.34999990463257,-0.03999999910593,-0.100000001490116,0.779999971389771,0,-1.52874490595423E-05,3.08440685330424E-05,0.013613568618894,0.034334421,0.022782796
12.509977103,-1.58564448356628,0.739081859588623,-2.6893002986908,0,0.299999907494017,8.07907329469678E-05,0.340000003576279,7.34999990463257,0.219999998807907,-0.259999990463257,0.850000023841858,0,-6.73040121910162E-05,3.26215122186113E-05,0.014835298992694,0.039174795,0.02774907
12.609110594,-1.58572852611542,0.738931179046631,-2.69391250610352,0,0.299999907519668,-1.10028337434121E-05,0.270000010728836,7.34999990463257,0.029999999329448,0.079999998211861,0.230000004172325,0,8.87977239472093E-06,-3.10594150505494E-05,0.004014257341623,0.038001538,0.026379554
12.707622767,-1.58572542667389,0.738906741142273,-2.69472980499268,0,0.299999907514048,5.63846030079663E-05,0.270000010728836,7.34999990463257,-0.180000007152557,0.100000001490116,0.219999998807907,0,4.96314032716327E-06,0.000156997426529,0.003839724464342,0.036427975,0.027047354
12.805229187,-1.58576548099518,0.738985121250153,-2.69426393508911,0,0.299999907530228,-1.42699487751087E-05,0.360000014305115,7.34999990463257,0.029999999329448,-0.059999998658896,0.560000002384186,0,6.60886871628463E-05,-3.63921662938083E-06,0.009773843921721,0.034245729,0.030685133
12.90809989,-1.58564877510071,0.739087581634522,-2.68937873840332,0,0.29999990753459,5.50572054361346E-05,0.360000014305115,7.34999990463257,0.029999999329448,-0.059999998658896,0.560000002384186,0,-3.76209827663843E-05,1.2174009498267E-05,0.009773843921721,0.037166595,0.031445362
13.005384684,-1.58565127849579,0.73909205198288,-2.6893424987793,0,0.299999907526315,-3.46099837271314E-05,0.430000007152557,7.34999990463257,-0.270000010728836,0.200000002980232,0.129999995231628,0,-4.15138129028492E-05,-2.72691795544233E-06,0.002268928103149,0.033434867,0.026341865
13.10052538,-1.58571195602417,0.739037096500397,-2.69127917289734,0,0.299999907498771,-2.84228499156784E-05,0.439999997615814,7.34999990463257,0.029999999329448,-0.090000003576279,0.819999992847443,0,-1.87530768016586E-05,3.39103316946421E-05,0.014311700128019,0.029365778,0.023835011
13.205466032,-1.58574569225311,0.738936007022858,-2.69468450546265,0,0.299999907493537,6.88671697011543E-05,0.439999997615814,7.34999990463257,0.029999999329448,-0.090000003576279,0.819999992847443,0,-4.06710205425043E-05,-8.47670980874682E-06,0.014311700128019,0.034412146,0.029909525
13.314285517,-1.58574056625366,0.73909193277359,-2.69065165519714,0,0.299999907525812,-3.20051120543676E-05,0.430000007152557,7.34999990463257,-0.119999997317791,-0.050000000745058,0.579999983310699,0,-3.1241521355696E-05,-0.000128110201331,0.010122909210622,0.037949324,0.031185209
13.410959483,-1.58565270900726,0.73913562297821,-2.68913817405701,0,0.299999907511752,3.11255448411985E-05,0.330000013113022,7.34999990463257,0.150000005960464,-0.28999999165535,0.759999990463257,0,-9.62910489761271E-05,-9.17080105864443E-05,0.01326450239867,0.040099382,0.03148779
13.503908635,-1.58565282821655,0.739140272140503,-2.68995523452759,0,0.299999907497671,-2.13718933049934E-05,0.270000010728836,7.34999990463257,0.170000001788139,-0.059999998658896,0.310000002384186,0,-8.85731569724157E-05,-9.13502299226821E-05,0.005410520825535,0.032905102,0.024088924
13.618790627,-1.58573603630066,0.738964736461639,-2.69453716278076,0,0.299999907493669,-3.53595796314198E-05,0.270000010728836,7.34999990463257,-0.239999994635582,0.28999999165535,0.03999999910593,0,2.79461564787198E-05,-6.26600603936822E-06,0.000698131683748,0.047582865,0.037910977
13.707953453,-1.58573365211487,0.738957405090332,-2.69475340843201,0,0.299999907526382,-3.25700837927281E-05,0.280000001192093,7.34999990463257,0.129999995231628,-0.150000005960464,0.5,0,2.61179502558662E-05,-3.3230066037504E-05,0.008726646192372,0.036587,0.021557366
13.809306145,-1.58573663234711,0.73909193277359,-2.69091367721558,0,0.299999907519116,-5.4498748116042E-05,0.379999995231628,7.34999990463257,0.029999999329448,-0.170000001788139,0.46000000834465,0,4.05133687308989E-05,1.17292802315205E-05,0.008028514683247,0.037163496,0.027579981
13.902178288,-1.58576655387878,0.739147186279297,-2.69049477577209,0,0.299999907512055,-4.16069812458354E-05,0.439999997615814,7.34999990463257,-0.239999994635582,0.280000001192093,0.230000004172325,0,3.22010746458545E-05,2.75634465651819E-05,0.004014257341623,0.031224727,0.028206952
14.003655434,-1.58577406406403,0.73898184299469,-2.69464468955994,0,0.299999907492806,-5.61155405889601E-05,0.439999997615814,7.34999990463257,-0.189999997615814,0.100000001490116,0.5,0,4.30317704740446E-05,-2.57310912274988E-05,0.008726646192372,0.031808853,0.028661644
14.114375115,-1.58573627471924,0.739094793796539,-2.69065070152283,0,0.299999907494479,4.39444479574096E-05,0.439999997615814,7.34999990463257,0.090000003576279,-0.230000004172325,0.790000021457672,0,1.63409604283515E-05,2.3064963897923E-05,0.013788101263344,0.042603254,0.032863787
14.206391097,-1.58574438095093,0.738968312740326,-2.69456958770752,0,0.299999907519352,-8.35620844587977E-05,0.439999997615814,7.34999990463257,-0.019999999552965,0.070000000298023,0.550000011920929,0,6.70724766678177E-05,3.59442092303652E-05,0.00959931127727,0.035156012,0.024011622
14.308660031,-1.58565557003021,0.739100873470306,-2.68894457817078,0,0.299999907533994,5.27149409251885E-05,0.409999996423721,7.34999990463257,-0.180000007152557,0.009999999776483,0.409999996423721,0,-3.44385880453046E-05,3.58193683496211E-05,0.007155850064009,0.037790299,0.03499498
14.410986185,-1.58564960956574,0.739048480987549,-2.68951511383057,0,0.299999907521295,-5.60441687869266E-05,0.319999992847443,7.34999990463257,0.189999997615814,-0.319999992847443,0.790000021457672,0,-4.72280680696713E-06,4.31849803135265E-05,0.013788101263344,0.040017843,0.036633723
14.511655331,-1.58565151691437,0.73903214931488,-2.68926119804382,0,0.299999907512082,-0.00014577760939,0.270000010728836,7.34999990463257,0.189999997615814,0.029999999329448,0.519999980926514,0,-1.71185376984795E-06,2.17546003113966E-05,0.009075712412596,0.040750742,0.037707567
14.608613491,-1.58578038215637,0.739180624485016,-2.68992376327515,0,0.29999990749884,-2.636167502509E-06,0.270000010728836,7.34999990463257,-0.090000003576279,0.239999994635582,0.209999993443489,0,2.18718992073263E-06,-0.000172495347215,0.00366519135423,0.036939383,0.022438323
14.70843339,-1.58574342727661,0.739030539989471,-2.69059062004089,0,0.29999990751307,2.43555394083904E-05,0.28999999165535,7.34999990463257,-0.170000001788139,0.059999998658896,0.310000002384186,0,1.64253242473933E-06,-3.69962181139272E-05,0.005410520825535,0.03732729,0.025075792
14.807691575,-1.58572864532471,0.739079833030701,-2.69062805175781,0,0.299999907498667,1.09345138475215E-05,0.389999985694885,7.34999990463257,0.109999999403954,-0.209999993443489,0.5,0,-1.22981391541543E-05,-9.57767042564228E-06,0.008726646192372,0.036589861,0.025176913
14.903561831,-1.58575081825256,0.739084184169769,-2.69077634811401,0,0.299999907515017,-0.000114656225703,0.430000007152557,7.34999990463257,-0.100000001490116,0.070000000298023,0.180000007152557,0,3.56668861059006E-05,2.14744140976109E-05,0.003141592722386,0.032696008,0.028785993
15.006598711,-1.58574461936951,0.738964021205902,-2.694415807724,0,0.29999990749814,-3.3359044234079E-05,0.430000007152557,7.34999990463257,-0.300000011920929,0.200000002980232,0.159999996423721,0,2.0071256585652E-05,-1.80993283720454E-05,0.002792526734993,0.035475731,0.024339677
15.107004404,-1.58572852611542,0.738928556442261,-2.69480466842651,0,0.299999907497767,-2.94889592219524E-05,0.439999997615814,7.34999990463257,0.129999995231628,-0.140000000596046,0.680000007152557,0,1.28121646412183E-05,3.08129638142418E-05,0.011868238449097,0.03589797,0.026283578
15.211670399,-1.58577406406403,0.738985240459442,-2.69449830055237,0,0.299999907529821,-7.77763697818292E-06,0.439999997615814,7.34999990463257,0.109999999403954,-0.230000004172325,0.800000011920929,0,6.80932353134267E-05,4.33029053965583E-05,0.013962633907795,0.040276289,0.030703584
15.30497551,-1.58574843406677,0.739085793495178,-2.69054460525513,0,0.299999907538851,5.89015210215732E-05,0.389999985694885,7.34999990463257,-0.180000007152557,0.189999997615814,0.209999993443489,0,2.4020066121011E-05,3.47977511410136E-05,0.00366519135423,0.034134388,0.029426135
15.406057358,-1.58574283123016,0.739063322544098,-2.6909601688385,0,0.299999907486994,2.2516162205916E-05,0.300000011920929,7.34999990463257,0.050000000745058,-0.119999997317791,0.680000007152557,0,-5.88914408581331E-05,5.58009742235299E-06,0.011868238449097,0.03276658,0.029893801
15.506710291,-1.58571434020996,0.73901492357254,-2.69143891334534,0,0.299999907502255,2.99927037855286E-05,0.270000010728836,7.34999990463257,0.219999998807907,-0.180000007152557,0.680000007152557,0,-2.1729747459176E-05,-3.31454757542815E-05,0.011868238449097,0.035786628,0.031111776
15.601824761,-1.58571553230286,0.738907635211945,-2.694828748703,0,0.299999907510889,2.0284439594631E-05,0.270000010728836,7.34999990463257,-0.119999997317791,0.209999993443489,0.310000002384186,0,2.12237100640777E-05,2.91800934064668E-05,0.005410520825535,0.030787706,0.024956309
15.705385209,-1.58573877811432,0.739054977893829,-2.69091153144836,0,0.299999907521626,-4.97873105681193E-05,0.310000002384186,7.34999990463257,-0.239999994635582,0.009999999776483,0.270000010728836,0,5.01904105476569E-05,3.90905297535937E-05,0.004712388850749,0.033553839,0.025459712
15.803042889,-1.58574724197388,0.738969027996063,-2.69373559951782,0,0.29999990752098,-7.36652016741043E-05,0.400000005960465,7.34999990463257,0.070000000298023,-0.28999999165535,0.629999995231628,0,7.86129749030806E-05,8.99864680832252E-05,0.010995574295521,0.032015324,0.026148469
15.902738572,-1.58577024936676,0.738959193229675,-2.69456696510315,0,0.299999907505762,-1.47693985596836E-05,0.439999997615814,7.34999990463257,0.090000003576279,-0.009999999776483,0.419999986886978,0,3.08014896290842E-05,-6.54214745736681E-05,0.00733038270846,0.031916142,0.026391289
16.00364995,-1.58573722839355,0.738950669765472,-2.6943883895874,0,0.299999907498904,-2.17469304138752E-05,0.439999997615814,7.34999990463257,-0.209999993443489,0.239999994635582,0.119999997317791,0,-3.36645575771399E-06,-8.88331578607904E-06,0.002094394993037,0.032775403,0.026239129
16.129022122,-1.58576822280884,0.738976657390595,-2.69347763061523,0,0.299999907498196,6.77110376998072E-06,0.439999997615814,7.34999990463257,0.050000000745058,-0.019999999552965,0.629999995231628,0,6.87700885464437E-05,4.63631367892958E-05,0.010995574295521,0.0578444,0.051900061
16.206654072,-1.58576130867004,0.738945305347443,-2.69355940818787,0,0.299999907511216,-7.49760927266582E-05,0.439999997615814,7.34999990463257,0.159999996423721,-0.200000002980232,0.569999992847443,0,6.28638808848336E-05,0.000119885226013,0.009948376566172,0.032217979,0.028398992
16.303015233,-1.58572602272034,0.739069759845733,-2.69062447547913,0,0.299999907519758,-5.55984727784916E-05,0.379999995231628,7.34999990463257,-0.070000000298023,0.109999999403954,0.529999971389771,0,-1.74554429577256E-06,-6.00792282057228E-06,0.009250245057046,0.03162694,0.022057902
16.413148404,-1.58571577072144,0.73895800113678,-2.69445061683655,0,0.299999907529471,-8.50654102469713E-06,0.280000001192093,7.34999990463257,-0.189999997615814,0.059999998658896,0.310000002384186,0,1.66723712027306E-05,6.12914373050444E-05,0.005410520825535,0.042192221,0.038987404
16.505852223,-1.58576214313507,0.738957464694977,-2.6943781375885,0,0.299999907496339,0.000103014550033,0.270000010728836,7.34999990463257,0.200000002980232,-0.200000002980232,0.509999990463257,0,-5.09732526552398E-05,1.44025511872314E-06,0.008901178836823,0.034796476,0.029231842
16.610387087,-1.58575868606567,0.739100694656372,-2.6913058757782,0,0.299999907523216,1.08095322340288E-05,0.270000010728836,7.34999990463257,0.109999999403954,-0.019999999552965,0.340000003576279,0,4.61572471976979E-06,-3.16278710670303E-05,0.005934119224548,0.035856247,0.030785475
16.703154087,-1.58574652671814,0.738953649997711,-2.69360589981079,0,0.299999907522724,4.42043710362358E-06,0.330000013113022,7.34999990463257,-0.189999997615814,0.219999998807907,0.159999996423721,0,5.90447743888944E-05,0.000102527614217,0.002792526734993,0.032130241,0.026371737
16.808285237,-1.58565425872803,0.739044606685638,-2.68938827514648,0,0.29999990752526,-3.4884269064119E-05,0.419999986886978,7.34999990463257,0.050000000745058,-0.079999998211861,0.560000002384186,0,-5.95942401560023E-05,1.7937709344551E-05,0.009773843921721,0.037401438,0.03370442
16.903495312,-1.5857675075531,0.739010095596314,-2.69400930404663,0,0.299999907495506,-2.22404063776422E-05,0.439999997615814,7.34999990463257,0.090000003576279,-0.230000004172325,0.649999976158142,0,4.31013813795289E-06,-4.85136879433412E-05,0.011344640515745,0.032293796,0.022039691
17.005092621,-1.58563637733459,0.739037156105042,-2.6894428730011,0,0.299999907516126,-7.965596175606E-05,0.430000007152557,7.34999990463257,0,0.159999996423721,0.490000009536743,0,-5.33893289684784E-05,-1.47230757647776E-05,0.008552113547921,0.029634476,0.022966831
17.106257201,-1.58578634262085,0.739197611808777,-2.68963932991028,0,0.299999907524242,-5.28656652533449E-05,0.430000007152557,7.34999990463257,-0.159999996423721,0.129999995231628,0.509999990463257,0,-1.77583515323931E-05,-0.000152057313244,0.008901178836823,0.035021544,0.026842972
17.2038126,-1.58574950695038,0.73904287815094,-2.69075751304626,0,0.299999907525838,-6.63417855628244E-07,0.430000007152557,7.34999990463257,0.150000005960464,-0.310000002384186,0.850000023841858,0,9.431116268388E-06,-2.63340734818485E-05,0.014835298992694,0.033052445,0.027580772
17.305667401,-1.58576309680939,0.739018201828003,-2.69411611557007,0,0.299999907500798,-7.91349481653872E-07,0.360000014305115,7.34999990463257,0.140000000596046,0,0.519999980926514,0,-1.89396541827591E-05,-2.41569759964477E-05,0.009075712412596,0.034728527,0.025603457
17.403705121,-1.58574271202087,0.739053606987,-2.69057178497314,0,0.299999907527393,-8.94637981822947E-06,0.270000010728836,7.34999990463257,-0.100000001490116,0.209999993443489,0.019999999552965,0,1.32577542899526E-05,-1.79317557922332E-05,0.000349065841874,0.032635451,0.028803583
17.51300788,-1.58574283123016,0.739038646221161,-2.69073700904846,0,0.299999907490124,4.78100744971445E-05,0.270000010728836,7.34999990463257,-0.129999995231628,0.029999999329448,0.46000000834465,0,2.35671741393162E-05,-1.64493649208453E-05,0.008028514683247,0.041894197,0.029294305
17.60938263,-1.58574783802032,0.738925755023956,-2.6947774887085,0,0.299999907510963,0.000117460206913,0.270000010728836,7.34999990463257,0.219999998807907,-0.300000011920929,0.600000023841858,0,-5.39777793164831E-05,1.97585177375004E-05,0.010471975430846,0.038401127,0.035253566
17.706921816,-1.58574056625366,0.739099264144897,-2.69048261642456,0,0.299999907524845,9.49648556394221E-05,0.340000003576279,7.34999990463257,0.029999999329448,0.100000001490116,0.150000005960464,0,-3.07065820379648E-05,5.45629845873918E-05,0.002617993857712,0.036037445,0.03197439
17.804665089,-1.58574199676514,0.739062964916229,-2.69077229499817,0,0.299999907513219,7.92652172421617E-05,0.430000007152557,7.34999990463257,-0.370000004768372,0.159999996423721,0.360000014305115,0,-6.05541572440416E-06,4.81426395708695E-05,0.006283185444772,0.028183698,0.020303422
17.909028769,-1.58577394485474,0.738934099674225,-2.69345092773437,0,0.299999907513446,-9.3084715757226E-05,0.439999997615814,7.34999990463257,0.070000000298023,-0.209999993443489,0.699999988079071,0,7.61137707741E-05,9.84154758043587E-05,0.012217304669321,0.035101652,0.027012792
18.002873183,-1.58576500415802,0.738971948623657,-2.69435620307922,0,0.299999907520046,-2.70898276616016E-05,0.439999997615814,7.34999990463257,0.100000001490116,0.019999999552965,0.600000023841858,0,7.39522802177817E-05,2.04734369617654E-05,0.010471975430846,0.031483411,0.023369066
18.106833458,-1.58575749397278,0.739116728305817,-2.69126868247986,0,0.299999907522564,-8.1494371482557E-05,0.439999997615814,7.34999990463257,-0.070000000298023,0.170000001788139,0.409999996423721,0,6.82703239363036E-06,-6.51305672363378E-05,0.007155850064009,0.036068677,0.03101362
18.216167689,-1.58571040630341,0.73889547586441,-2.69208812713623,0,0.29999990752222,-2.91284138914974E-05,0.439999997615814,7.34999990463257,-0.029999999329448,-0.029999999329448,0.9200000166893,0,5.12588712808793E-06,5.2397750550881E-05,0.016057029366493,0.045374393,0.027300804
18.306563855,-1.58575761318207,0.739068508148193,-2.69037008285522,0,0.299999907498438,6.30396519124266E-06,0.349999994039535,7.34999990463257,0.200000002980232,-0.340000003576279,0.72000002861023,0,-2.64732479990926E-05,-0.000158035341883,0.012566370889545,0.035758019,0.025904485
18.412643195,-1.58566296100616,0.739051163196564,-2.68968558311462,0,0.299999907496262,0.000103743773767,0.270000010728836,7.34999990463257,0.079999998211861,0.079999998211861,0.170000001788139,0,-2.3937767764437E-05,5.99001687078271E-05,0.002967059612274,0.041585446,0.027274543
18.510244847,-1.58565700054169,0.738833427429199,-2.69303607940674,0,0.29999990752346,4.43374808538603E-05,0.270000010728836,7.34999990463257,-0.270000010728836,0.150000005960464,0.019999999552965,0,3.1213479815051E-05,0.000222761111218,0.000349065841874,0.036776305,0.032738332
18.608745099,-1.58574616909027,0.738932490348816,-2.69376850128174,0,0.299999907493299,6.30885978520951E-05,0.270000010728836,7.34999990463257,0.129999995231628,-0.300000011920929,0.540000021457672,0,-3.03269971482223E-05,6.87589490553364E-05,0.009424777701497,0.031548977,0.02507466
18.711220742,-1.58575487136841,0.739057183265686,-2.69079494476318,0,0.299999907525299,-4.20659374980814E-05,0.349999994039535,7.34999990463257,0.079999998211861,-0.140000000596046,0.560000002384186,0,2.83159733953653E-05,-2.72908382612513E-05,0.009773843921721,0.036791802,0.033679418
18.808373928,-1.58576548099518,0.738991439342499,-2.69411206245422,0,0.299999907499444,-2.23280189343964E-05,0.439999997615814,7.34999990463257,-0.230000004172325,0.140000000596046,0.270000010728836,0,1.34023839564179E-05,-1.31799433802371E-05,0.004712388850749,0.036345005,0.033278066
18.910506249,-1.58578515052795,0.738541603088379,-2.6907651424408,0,0.299999907495299,-0.000264152006741,0.439999997615814,7.34999990463257,-0.259999990463257,0.019999999552965,0.600000023841858,0,0.000194884458324,0.000267120252829,0.010471975430846,0.0365901,0.033545203
19.006387949,-1.58578836917877,0.738995969295502,-2.69414925575256,0,0.299999907510573,-6.24908436118108E-05,0.439999997615814,7.34999990463257,0.119999997317791,-0.209999993443489,0.759999990463257,0,4.65520606667269E-05,2.68082803813741E-05,0.01326450239867,0.035586595,0.02468052
19.112015009,-1.58565998077393,0.739007294178009,-2.68997049331665,0,0.299999907538009,0.000102956416747,0.430000007152557,7.34999990463257,0.150000005960464,0.100000001490116,0.529999971389771,0,-6.83969119563699E-05,-3.76007556042168E-05,0.009250245057046,0.04096818,0.028783751
19.201066733,-1.58574879169464,0.73912912607193,-2.69098925590515,0,0.299999907508694,-2.42092824244823E-06,0.430000007152557,7.34999990463257,-0.239999994635582,0.109999999403954,0.5,0,-6.79404911352321E-05,-0.0001822358754,0.008726646192372,0.03012681,0.027131478
19.314893723,-1.58573663234711,0.73908919095993,-2.69044208526611,0,0.299999907506293,3.4078777228405E-05,0.340000003576279,7.34999990463257,0.059999998658896,-0.079999998211861,0.649999976158142,0,-7.6021759014111E-05,-8.13736114650965E-05,0.011344640515745,0.036631107,0.022684188
19.407760859,-1.58570075035095,0.738956391811371,-2.6929783821106,0,0.299999907524798,9.68593788718887E-05,0.270000010728836,7.34999990463257,0.109999999403954,-0.209999993443489,0.680000007152557,0,-5.63813664484769E-05,2.15379568544449E-05,0.011868238449097,0.035853147,0.026229098
19.505049944,-1.58573317527771,0.739074409008026,-2.69068741798401,0,0.299999907523052,6.5101756522203E-05,0.270000010728836,7.34999990463257,-0.170000001788139,0.189999997615814,0.079999998211861,0,-5.15826650371309E-05,-2.97369479085319E-05,0.001396263367496,0.03402543,0.029085525
19.61291194,-1.58575034141541,0.738933980464935,-2.69452404975891,0,0.299999907528013,-5.97342206629506E-06,0.270000010728836,7.34999990463257,-0.170000001788139,0,0.5,0,-5.40147557330783E-05,-4.99515772389714E-06,0.008726646192372,0.04123497,0.024261321
19.726174832,-1.58574938774109,0.73896998167038,-2.69442081451416,0,0.299999907495288,-1.74716356074494E-05,0.370000004768372,7.34999990463257,0.109999999403954,-0.259999990463257,0.670000016689301,0,7.13157987775048E-06,-6.77998541505076E-05,0.011693705804646,0.055071831,0.052173589
19.813749314,-1.58574140071869,0.739087641239166,-2.69072437286377,0,0.299999907503705,5.71408330430683E-06,0.439999997615814,7.34999990463257,-0.109999999403954,0.119999997317791,0.300000011920929,0,-4.1120350942947E-05,3.60933081537951E-05,0.005235987715423,0.041775465,0.024498651
19.907764435,-1.58574855327606,0.738957285881043,-2.6946017742157,0,0.299999907506525,3.63384249036661E-05,0.439999997615814,7.34999990463257,-0.319999992847443,0.239999994635582,0.300000011920929,0,1.78148238774156E-05,-3.98031170334434E-06,0.005235987715423,0.033662796,0.031064067
20.013077498,-1.58563995361328,0.739058375358581,-2.6895604133606,0,0.299999907523585,5.15410866888985E-05,0.439999997615814,7.34999990463257,0.03999999910593,-0.050000000745058,0.730000019073486,0,-4.35095607826952E-05,1.33752946567256E-05,0.012740903533995,0.039957523,0.025788836
20.11107111,-1.58576154708862,0.738948464393616,-2.69327521324158,0,0.2999999075206,-8.55214167487261E-05,0.439999997615814,7.34999990463257,0.109999999403954,-0.050000000745058,0.860000014305115,0,8.07953329058364E-05,1.64724224305246E-05,0.015009831637144,0.040426731,0.03275084
20.212704421,-1.58572423458099,0.739091753959656,-2.69056582450867,0,0.299999907507595,3.4816234783537E-05,0.430000007152557,7.34999990463257,-0.129999995231628,0.070000000298023,0.370000004768372,0,-5.22110822203103E-05,1.36333956106682E-05,0.006457718089223,0.039506912,0.028189406
20.308189393,-1.58566069602966,0.738871693611145,-2.69254803657532,0,0.299999907528886,3.28183767487358E-06,0.330000013113022,7.34999990463257,-0.129999995231628,-0.059999998658896,0.560000002384186,0,2.53977395914262E-05,0.000125090678921,0.009773843921721,0.037155867,0.032159918
20.419655323,-1.58577823638916,0.738991796970367,-2.6941397190094,0,0.299999907533444,0.000130604432906,0.270000010728836,7.34999990463257,0.200000002980232,-0.310000002384186,0.560000002384186,0,-1.82524981937604E-05,-3.32289055222645E-05,0.009773843921721,0.046294451,0.043332041
20.508107424,-1.58580482006073,0.739046990871429,-2.69371151924133,0,0.299999907495781,-4.99740460759785E-05,0.270000010728836,7.34999990463257,0.140000000596046,-0.059999998658896,0.449999988079071,0,3.90047498513013E-05,-9.29534799070098E-05,0.007853982038796,0.02897048,0.025943224
20.611495018,-1.58574748039246,0.738985300064087,-2.69460487365723,0,0.299999907501271,2.64531557621948E-05,0.280000001192093,7.34999990463257,-0.25,0.25,0.209999993443489,0,1.14586309791775E-05,-7.22284239600412E-05,0.00366519135423,0.040478707,0.035326243
20.706950665,-1.58577644824982,0.738995552062988,-2.69412207603455,0,0.299999907531024,2.47339801183937E-05,0.379999995231628,7.34999990463257,-0.090000003576279,-0.009999999776483,0.5,0,-2.01214861590415E-05,-1.77538076968631E-05,0.008726646192372,0.036018133,0.023430207
20.810212136,-1.58573186397553,0.739068508148193,-2.69070482254028,0,0.299999907528902,0.000104430253228,0.439999997615814,7.34999990463257,0.009999999776483,-0.170000001788139,0.670000016689301,0,-2.37935309996828E-05,-8.02442627900746E-07,0.011693705804646,0.039267301,0.036182592
20.906885863,-1.58563137054443,0.739068746566772,-2.68908071517944,0,0.299999907498979,-3.26700444039934E-05,0.439999997615814,7.34999990463257,-0.189999997615814,0.200000002980232,0.200000002980232,0,-8.83105894899927E-05,-7.28180311853066E-05,0.003490658476949,0.035989762,0.031967975
21.005591393,-1.58573865890503,0.739088833332062,-2.69099473953247,0,0.299999907523035,-4.28662452068462E-05,0.439999997615814,7.34999990463257,-0.25,0.129999995231628,0.430000007152557,0,3.02504304272588E-05,-4.83342591905966E-05,0.007504915818572,0.031823159,0.028985483
21.11056161,-1.58571887016296,0.739076018333435,-2.69115471839905,0,0.299999907525916,3.79366767146132E-05,0.439999997615814,7.34999990463257,0.119999997317791,-0.259999990463257,0.889999985694885,0,2.41584039031295E-05,-2.76572541224596E-06,0.015533430501819,0.037936449,0.026248839
21.216307164,-1.58575773239136,0.739118456840515,-2.69110727310181,0,0.299999907498998,3.63996627951872E-06,0.409999996423721,7.34999990463257,0.140000000596046,0,0.400000005960465,0,4.19135358242784E-05,-6.26203691354021E-05,0.006981316953897,0.044888258,0.033350906
21.302226782,-1.58573174476624,0.739104926586151,-2.69134664535522,0,0.29999990750389,2.29635110018395E-05,0.319999992847443,7.34999990463257,-0.230000004172325,0.079999998211861,0.340000003576279,0,-3.08156049868558E-05,-0.000104060207377,0.005934119224548,0.03067255,0.02024991
21.406642914,-1.58573842048645,0.739082455635071,-2.6903703212738,0,0.299999907537673,6.94284772609349E-05,0.270000010728836,7.34999990463257,0.209999993443489,-0.100000001490116,0.439999997615814,0,4.59903640148696E-05,-1.86344968824415E-05,0.007679448928684,0.035719395,0.030749232
21.529080391,-1.5856671333313,0.738937377929688,-2.69343042373657,0,0.299999907493855,-2.55596629767052E-05,0.270000010728836,7.34999990463257,0.159999996423721,-0.119999997317791,0.5,0,-2.77957260550465E-05,3.35129552695434E-05,0.008726646192372,0.058123112,0.046079238
21.626233817,-1.58562290668488,0.739070355892181,-2.68975496292114,0,0.299999907512898,0.000132407410756,0.28999999165535,7.34999990463257,-0.159999996423721,0.189999997615814,0.019999999552965,0,-4.08637679356616E-05,2.32465645240154E-05,0.000349065841874,0.054693222,0.049199461
21.720654488,-1.58551645278931,0.739254176616669,-2.68585848808289,0,0.299999907523914,-3.84882103141833E-05,0.389999985694885,7.34999990463257,-0.28999999165535,0.100000001490116,0.46000000834465,0,-0.000172659012605,-6.87597639625892E-05,0.008028514683247,0.041755677,0.036195051
21.864879847,-1.58574533462524,0.738948047161102,-2.69450664520264,0,0.299999907544516,0.000266086260167,0.439999997615814,7.34999990463257,0,-0.239999994635582,0.740000009536743,0,5.09100100316573E-05,1.98592533706687E-06,0.012915436178446,0.088629007,0.077001455
21.926029444,-1.58563649654388,0.739184975624085,-2.68816113471985,0,0.299999907485177,1.7880431121608E-05,0.430000007152557,7.34999990463257,0,0.129999995231628,0.270000010728836,0,-0.000160759620485,-8.00297639216296E-05,0.004712388850749,0.041104555,0.031215987
22.009787798,-1.58576190471649,0.739137470722199,-2.69128513336182,0,0.299999907533678,4.92962877547238E-05,0.439999997615814,7.34999990463257,-0.300000011920929,0.180000007152557,0.340000003576279,0,6.2294646340888E-05,-5.06656688230578E-05,0.005934119224548,0.038675308,0.028950531
22.109730721,-1.58562362194061,0.739075481891632,-2.68988013267517,0,0.299999907514642,-5.55864362203317E-05,0.439999997615814,7.34999990463257,0.129999995231628,-0.150000005960464,0.699999988079071,0,-3.22082087222952E-05,4.92674662382342E-05,0.012217304669321,0.038457871,0.031640229
22.205927372,-1.58571946620941,0.739059388637543,-2.69049954414368,0,0.299999907479791,-1.34990397877936E-05,0.400000005960465,7.34999990463257,0.119999997317791,-0.189999997615814,0.569999992847443,0,-5.40645960427355E-05,-2.04695734282723E-05,0.009948376566172,0.035005808,0.023359327
22.305101157,-1.58564829826355,0.739115417003632,-2.6904079914093,0,0.299999907510286,-5.34369261241019E-05,0.300000011920929,7.34999990463257,-0.119999997317791,0.200000002980232,0.150000005960464,0,-7.65851800679229E-05,4.07294210162945E-05,0.002617993857712,0.034226418,0.031002564
22.409852267,-1.5856431722641,0.738884091377258,-2.69257116317749,0,0.299999907521462,-6.04813718403058E-05,0.270000010728836,7.34999990463257,0.009999999776483,-0.019999999552965,0.430000007152557,0,5.8398385590408E-05,0.000132121509523,0.007504915818572,0.038941383,0.026235217
22.518739462,-1.58575117588043,0.739110887050629,-2.69104409217834,0,0.299999907488486,2.22570805184516E-05,0.280000001192093,7.34999990463257,0.200000002980232,-0.200000002980232,0.569999992847443,0,-7.27219521650113E-05,-8.60705695231445E-05,0.009948376566172,0.047638416,0.030921486
22.607241631,-1.58566117286682,0.738949477672577,-2.69380211830139,0,0.29999990749996,8.65417271938831E-06,0.300000011920929,7.34999990463257,-0.129999995231628,0.129999995231628,0.389999985694885,0,-1.48263443406904E-05,2.35966635955265E-05,0.006806784309447,0.031634569,0.016687393
22.718117476,-1.58564233779907,0.738879680633545,-2.69250011444092,0,0.29999990749275,1.46081853839283E-05,0.400000005960465,7.34999990463257,-0.300000011920929,0.059999998658896,0.340000003576279,0,-3.76829775632359E-05,8.73000171850435E-05,0.005934119224548,0.046612978,0.032535482
22.808856488,-1.58562850952148,0.739122986793518,-2.69013404846191,0,0.299999907488796,5.82550427826606E-05,0.439999997615814,7.34999990463257,0.059999998658896,-0.259999990463257,0.529999971389771,0,-0.000134026413434,-4.56241577921901E-05,0.009250245057046,0.036400557,0.017955851
22.910162926,-1.58564627170563,0.739051878452301,-2.6895740032196,0,0.299999907482885,-1.49264106606635E-05,0.430000007152557,7.34999990463257,0.109999999403954,-0.119999997317791,0.589999973773956,0,1.23613090181607E-05,2.22964226850308E-05,0.010297442786396,0.039499283,0.016087192
23.011437178,-1.58573770523071,0.739089548587799,-2.69048166275024,0,0.299999907514171,-6.34962883327929E-05,0.430000007152557,7.34999990463257,-0.209999993443489,0.25,0.360000014305115,0,6.75091359880753E-05,-1.49784782479401E-05,0.006283185444772,0.038273572,0.031364299
23.109516144,-1.58568692207336,0.738957285881043,-2.69303560256958,0,0.299999907491431,-6.1966374124431E-05,0.439999997615814,7.34999990463257,-0.03999999910593,-0.109999999403954,0.75,0,1.72881868820696E-06,-8.3031795838906E-07,0.013089969754219,0.038605213,0.033996226
23.209044457,-1.58573472499847,0.738949954509735,-2.69439506530762,0,0.29999990749039,6.23331258370181E-05,0.389999985694885,7.34999990463257,0.209999993443489,-0.230000004172325,0.680000007152557,0,-6.09146627539303E-06,1.13014184535132E-05,0.011868238449097,0.036725283,0.025119222
23.307261706,-1.58577191829681,0.738983571529388,-2.69413471221924,0,0.299999907511936,9.2772845044544E-05,0.28999999165535,7.34999990463257,-0.059999998658896,0.090000003576279,0.189999997615814,0,5.54188773094211E-05,-4.71069797640666E-05,0.003316125599667,0.036225319,0.032366393
23.406950474,-1.58565759658813,0.739091455936432,-2.69029235839844,0,0.299999907495925,-1.55369186801041E-05,0.270000010728836,7.34999990463257,-0.159999996423721,0.019999999552965,0.280000001192093,0,-3.23657368426211E-05,-5.04219751746859E-05,0.004886921960861,0.030684709,0.021401684
23.503368617,-1.58565473556519,0.739117503166199,-2.69027781486511,0,0.299999907518856,-7.34797577889642E-05,0.270000010728836,7.34999990463257,0.180000007152557,-0.209999993443489,0.529999971389771,0,-5.62664081371622E-06,-1.27222501760116E-05,0.009250245057046,0.032044887,0.022996726
23.611958743,-1.58575248718262,0.738960146903992,-2.69465637207031,0,0.299999907493716,-1.24044172379189E-05,0.310000002384186,7.34999990463257,0.070000000298023,0,0.28999999165535,0,6.14560558460653E-05,1.57622025653836E-06,0.005061454605311,0.041051626,0.035272093
23.703101397,-1.58575487136841,0.739096879959106,-2.6914279460907,0,0.299999907512734,-5.19550903205406E-05,0.409999996423721,7.34999990463257,-0.209999993443489,0.200000002980232,0.300000011920929,0,4.88049845444039E-05,1.78193113242742E-05,0.005235987715423,0.032086849,0.02519452
23.813232661,-1.58564007282257,0.739082157611847,-2.68930172920227,0,0.29999990748433,5.40675558811893E-06,0.439999997615814,7.34999990463257,0.070000000298023,-0.070000000298023,0.589999973773956,0,-2.22307298827218E-05,2.97834430966759E-05,0.010297442786396,0.038485289,0.032237945
23.903464079,-1.58575415611267,0.738939464092255,-2.69377279281616,0,0.299999907503916,-0.000139930701883,0.439999997615814,7.34999990463257,0.059999998658896,-0.090000003576279,0.759999990463257,0,0.000112869551231,5.87698086746968E-05,0.01326450239867,0.03221941,0.016942572
24.009539605,-1.58563411235809,0.739057123661041,-2.68935060501099,0,0.299999907522754,-5.1794224329224E-05,0.439999997615814,7.34999990463257,-0.259999990463257,0.25,0.469999998807907,0,-1.42501003210782E-05,5.24876231793314E-05,0.008203047327697,0.038506984,0.030551708
24.105296851,-1.58566176891327,0.739078044891357,-2.68928718566895,0,0.299999907521978,-5.10558024844352E-05,0.439999997615814,7.34999990463257,-0.239999994635582,0.009999999776483,0.689999997615814,0,-1.55561301653506E-05,1.31473325382103E-06,0.01204277202487,0.034279346,0.026117245
24.205572367,-1.58571243286133,0.739027917385101,-2.69068336486816,0,0.299999907492651,-6.86117271191089E-05,0.379999995231628,7.34999990463257,0.180000007152557,-0.280000001192093,0.850000023841858,0,4.52633548775339E-06,-4.7562578401994E-05,0.014835298992694,0.031599044,0.028660115
24.307973624,-1.58571767807007,0.738882839679718,-2.6945698261261,0,0.299999907507993,8.47268617007638E-05,0.28999999165535,7.34999990463257,0.129999995231628,0.090000003576279,0.370000004768372,0,5.00805181218311E-05,6.88857689965516E-05,0.006457718089223,0.036192656,0.025647704
24.403327942,-1.5857959985733,0.739028632640839,-2.69380760192871,0,0.299999907493085,-6.06005539261852E-05,0.270000010728836,7.34999990463257,-0.109999999403954,0.180000007152557,0.170000001788139,0,4.3333293433534E-05,-3.84282466256991E-05,0.002967059612274,0.032416344,0.021513579
24.513038159,-1.58574414253235,0.738980114459991,-2.69460892677307,0,0.299999907514419,1.7968836062109E-05,0.280000001192093,7.34999990463257,0.029999999329448,-0.100000001490116,0.550000011920929,0,3.16429177473765E-05,7.86459277151152E-05,0.00959931127727,0.042182922,0.020665305
24.608041525,-1.58577251434326,0.738984942436218,-2.69413471221924,0,0.299999907501008,-1.87894323491816E-05,0.319999992847443,7.34999990463257,0.070000000298023,-0.059999998658896,0.579999983310699,0,3.12867559841834E-05,-1.98247907974292E-05,0.010122909210622,0.036811113,0.029985445
24.707224846,-1.5857138633728,0.739032745361328,-2.69092512130737,0,0.299999907524488,-1.5771777553982E-05,0.419999986886978,7.34999990463257,-0.209999993443489,0.170000001788139,0.140000000596046,0,1.59328628797084E-05,-2.04938532988308E-05,0.00244346098043,0.036283255,0.030599548
24.809936285,-1.58577823638916,0.739003360271454,-2.69436264038086,0,0.299999907530252,-2.87271914443598E-06,0.439999997615814,7.34999990463257,-0.300000011920929,0.009999999776483,0.579999983310699,0,6.10769930062815E-05,3.0863331630826E-05,0.010122909210622,0.039108754,0.026648798
24.906843663,-1.58574533462524,0.739068508148193,-2.6906201839447,0,0.299999907523669,-2.29436162168175E-05,0.439999997615814,7.34999990463257,0.159999996423721,-0.230000004172325,0.800000011920929,0,3.60423327947501E-05,-1.823749516916E-05,0.013962633907795,0.035727501,0.02665699
25.009104014,-1.58572149276733,0.739065527915955,-2.69077849388123,0,0.299999907508727,-1.42203086327309E-05,0.439999997615814,7.34999990463257,0.079999998211861,0.140000000596046,0.660000026226044,0,-4.38065544585697E-05,-9.24347914406098E-05,0.011519173160195,0.032367468,0.020663794
25.109324694,-1.58572626113892,0.739025413990021,-2.69086194038391,0,0.299999907501352,2.79487340268367E-05,0.439999997615814,7.34999990463257,-0.310000002384186,0.150000005960464,0.370000004768372,0,-2.30510322580812E-05,-4.93706720590126E-05,0.006457718089223,0.037831545,0.027577272
25.203988076,-1.58573341369629,0.738946795463562,-2.6943211555481,0,0.299999907499228,-1.97744599160494E-05,0.370000004768372,7.34999990463257,0.140000000596046,-0.28999999165535,0.790000021457672,0,-1.32045755663057E-07,2.0670508092735E-05,0.013788101263344,0.033056974,0.01930198
25.311643124,-1.58576416969299,0.738973438739777,-2.69422602653503,0,0.299999907507692,5.93314981632931E-05,0.280000001192093,7.34999990463257,0.209999993443489,-0.170000001788139,0.439999997615814,0,1.52708380483091E-05,2.1211342755123E-05,0.007679448928684,0.040537596,0.030132655
25.411834956,-1.58575832843781,0.738991141319275,-2.6944215297699,0,0.299999907516256,5.56632041243543E-05,0.270000010728836,7.34999990463257,-0.189999997615814,0.259999990463257,0.119999997317791,0,2.21333721128758E-06,-2.58487052633427E-05,0.002094394993037,0.040528297,0.029408383
25.508491517,-1.58574771881104,0.739108800888062,-2.69170618057251,0,0.29999990752471,-2.32654830166293E-05,0.270000010728836,7.34999990463257,-0.050000000745058,0,0.379999995231628,0,1.27588928080513E-05,-2.61302720900858E-05,0.006632251199335,0.037137508,0.031430838
25.618276835,-1.58576536178589,0.738970160484314,-2.69426155090332,0,0.299999907521795,-4.14785294697999E-05,0.340000003576279,7.34999990463257,0.079999998211861,-0.189999997615814,0.699999988079071,0,2.53525249718223E-05,-3.69106192010804E-06,0.012217304669321,0.040333747,0.035275205
25.707073689,-1.58572638034821,0.739069998264313,-2.69075322151184,0,0.299999907518274,-9.04934312259088E-05,0.430000007152557,7.34999990463257,-0.070000000298023,0.140000000596046,0.25,0,1.18570760605508E-05,1.13546072100235E-07,0.004363323096186,0.036164046,0.020502422
25.808900834,-1.58573997020721,0.739071846008301,-2.69169855117798,0,0.299999907496524,-9.11437573100434E-06,0.439999997615814,7.34999990463257,-0.379999995231628,0.090000003576279,0.310000002384186,0,-4.32851011282764E-05,-5.71527889405843E-05,0.005410520825535,0.032247067,0.029321829
25.905411244,-1.58575165271759,0.738975882530212,-2.69450092315674,0,0.299999907530502,7.4187133450261E-06,0.439999997615814,7.34999990463257,0.009999999776483,-0.019999999552965,0.610000014305115,0,-6.00848670728738E-06,6.62892625769018E-06,0.010646508075297,0.034155369,0.020180263
26.012343169,-1.58574855327606,0.739108741283417,-2.69107580184937,0,0.299999907520545,-6.52127993293346E-05,0.439999997615814,7.34999990463257,0.029999999329448,-0.159999996423721,0.689999997615814,0,-5.79995230509667E-06,-2.19608191400766E-05,0.01204277202487,0.04114604,0.031396773
26.115520001,-1.58578538894653,0.738991796970367,-2.69429278373718,0,0.299999907495638,-2.37762523059159E-06,0.439999997615814,7.34999990463257,-0.209999993443489,0.140000000596046,0.379999995231628,0,8.88818249222823E-06,-2.95143981929868E-05,0.006632251199335,0.044325829,0.027850301
26.20550108,-1.58583080768585,0.73839545249939,-2.68930220603943,0,0.299999907509027,-1.30359281569502E-05,0.360000014305115,7.34999990463257,0,-0.059999998658896,0.680000007152557,0,0.0002299676853,0.000299217412248,0.011868238449097,0.034363031,0.031635062
26.309568406,-1.58576166629791,0.738980233669281,-2.69420623779297,0,0.299999907514062,6.63454752571931E-05,0.270000010728836,7.34999990463257,0.270000010728836,-0.300000011920929,0.620000004768372,0,-6.06066714681219E-06,-4.72776191600133E-05,0.01082104165107,0.037657261,0.021041115
26.404062748,-1.58564877510071,0.739068686962128,-2.68934607505798,0,0.299999907534107,5.51233957085575E-05,0.270000010728836,7.34999990463257,0.029999999329448,0.109999999403954,0.150000005960464,0,-8.68126880959608E-05,2.09671288757818E-05,0.002617993857712,0.031919956,0.017307171
26.507962227,-1.58577120304108,0.738987922668457,-2.69401240348816,0,0.299999907506086,1.06128694606961E-05,0.270000010728836,7.34999990463257,-0.209999993443489,0.140000000596046,0.230000004172325,0,6.08682694291929E-06,-5.44793838344049E-05,0.004014257341623,0.036749601,0.019717883
26.615240336,-1.58574962615967,0.738964021205902,-2.69452285766602,0,0.299999907529328,6.39284640872238E-05,0.340000003576279,7.34999990463257,0.009999999776483,-0.219999998807907,0.660000026226044,0,-7.47004423828912E-06,-3.78316835849546E-05,0.011519173160195,0.037089825,0.027857644
26.708954573,-1.58576786518097,0.738961338996887,-2.69405436515808,0,0.299999907523049,-1.84822993967918E-05,0.430000007152557,7.34999990463257,0,-0.090000003576279,0.419999986886978,0,1.48797771544196E-05,6.49782941763988E-06,0.00733038270846,0.03822422,0.013886819
26.809081078,-1.58572959899902,0.739051818847656,-2.69086241722107,0,0.299999907533091,2.60724549639056E-05,0.439999997615814,7.34999990463257,-0.28999999165535,0.270000010728836,0.150000005960464,0,2.37055178331502E-06,1.64186531037558E-05,0.002617993857712,0.038538694,0.032875125
26.907930375,-1.58574783802032,0.739157795906067,-2.69125699996948,0,0.299999907509279,3.82233433691884E-06,0.430000007152557,7.34999990463257,-0.019999999552965,-0.100000001490116,0.730000019073486,0,-3.1549018331134E-06,-4.07659390475601E-05,0.012740903533995,0.037290334,0.014333781
27.009410859,-1.58574712276459,0.739097714424133,-2.69037747383118,0,0.299999907518314,-7.64911037645955E-05,0.430000007152557,7.34999990463257,0.090000003576279,-0.140000000596046,0.790000021457672,0,1.83184856723528E-05,-3.6496279790299E-05,0.013788101263344,0.03866601,0.029380268
27.107817412,-1.58573782444,0.739100396633148,-2.69146513938904,0,0.299999907514378,5.54910581764997E-05,0.430000007152557,7.34999990463257,0.140000000596046,0.079999998211861,0.509999990463257,0,-4.55708614026662E-05,-0.000137964569149,0.008901178836823,0.037373066,0.013085936
27.207806826,-1.58572244644165,0.73889833688736,-2.69433832168579,0,0.299999907516177,7.29155273119605E-05,0.349999994039535,7.34999990463257,-0.230000004172325,0.029999999329448,0.340000003576279,0,7.09633741280413E-06,6.47594351903535E-05,0.005934119224548,0.037273168,0.013782764
27.314684153,-1.58565378189087,0.739151418209076,-2.68994688987732,0,0.299999907508441,5.43899154447977E-05,0.270000010728836,7.34999990463257,0.159999996423721,-0.239999994635582,0.560000002384186,0,-6.18254780420102E-05,-4.44024008174893E-05,0.009773843921721,0.04356885,0.030932493
27.423672677,-1.58572030067444,0.738948881626129,-2.6939914226532,0,0.299999907504158,6.70073522284189E-05,0.270000010728836,7.34999990463257,0.189999997615814,0.070000000298023,0.280000001192093,0,-5.41456392966211E-05,5.31036039319588E-06,0.004886921960861,0.034940004,0.026446036
27.508234263,-1.58574628829956,0.739119708538055,-2.69104099273682,0,0.299999907504739,-1.58526396471374E-05,0.270000010728836,7.34999990463257,-0.200000002980232,0.140000000596046,0.150000005960464,0,-2.49917484325124E-05,-0.000119835822261,0.002617993857712,0.037146092,0.029000427
27.720121861,-1.58573138713837,0.73912250995636,-2.69075655937195,0,0.299999907514991,-7.52042241489227E-05,0.439999997615814,7.34999990463257,0.059999998658896,-0.180000007152557,0.419999986886978,0,3.24401989928447E-05,-1.6295143723255E-05,0.00733038270846,0.032264948,0.01585777
27.776358128,-1.585733294487,0.738961279392242,-2.69446516036987,0,0.299999907496983,-3.95116619736999E-05,0.439999997615814,7.34999990463257,0.059999998658896,-0.180000007152557,0.419999986886978,0,5.82290886086412E-06,-5.29838098373148E-06,0.00733038270846,0.046177149,0.036760572
27.843959809,-1.58576011657715,0.738999366760254,-2.69422507286072,0,0.299999907487904,3.84834014379637E-05,0.430000007152557,7.34999990463257,-0.189999997615814,0.189999997615814,-0.009999999776483,0,-2.05785108846612E-05,2.31258436542703E-05,-0.000174532920937,0.044894696,0.031621998
27.910464287,-1.58564889431,0.739126145839691,-2.68926548957825,0,0.299999907511425,-0.000119653981709,0.430000007152557,7.34999990463257,-0.170000001788139,0.050000000745058,0.509999990463257,0,-2.24057075683959E-05,-4.31610033047036E-06,0.008901178836823,0.038211584,0.02099763
28.014740229,-1.58574163913727,0.738954126834869,-2.69446730613708,0,0.299999907508359,-0.000101618353403,0.430000007152557,7.34999990463257,0.189999997615814,-0.209999993443489,0.850000023841858,0,2.63079673459288E-05,1.4372572877619E-05,0.014835298992694,0.043702841,0.034705847
28.107955218,-1.58573949337006,0.738942980766296,-2.69421124458313,0,0.299999907527895,2.5166842128355E-05,0.430000007152557,7.34999990463257,0,0.100000001490116,0.340000003576279,0,-2.03413601411739E-05,3.40011538355611E-05,0.005934119224548,0.03706789,0.013255525
28.210944176,-1.58573913574219,0.738951027393341,-2.69467353820801,0,0.299999907530244,6.0870953785753E-06,0.330000013113022,7.34999990463257,-0.219999998807907,0.029999999329448,0.469999998807907,0,-4.92818480779533E-06,6.25036263954826E-05,0.008203047327697,0.031137943,0.014502152
28.308120966,-1.58578729629517,0.73900181055069,-2.69369459152222,0,0.299999907524377,3.92217922672864E-05,0.270000010728836,7.34999990463257,0.200000002980232,-0.209999993443489,0.670000016689301,0,0.000100774785096,9.96298913378269E-05,0.011693705804646,0.036935568,0.033948641
28.405851365,-1.5857275724411,0.739086270332336,-2.69085073471069,0,0.299999907496888,-3.15085707359837E-05,0.270000010728836,7.34999990463257,0.119999997317791,-0.129999995231628,0.430000007152557,0,2.58604504779214E-05,1.40691627166234E-05,0.007504915818572,0.034694195,0.020408596
28.508095503,-1.58562803268433,0.739107847213745,-2.68907856941223,0,0.299999907489853,5.77916127749278E-05,0.270000010728836,7.34999990463257,-0.119999997317791,0.200000002980232,-0.059999998658896,0,-4.82097129861359E-05,-8.47917908686213E-06,-0.001047197496519,0.036618232,0.01580861
28.610127449,-1.58571827411652,0.739159345626831,-2.68936371803284,0,0.299999907491036,1.24773369010391E-06,0.370000004768372,7.34999990463257,-0.03999999910593,-0.019999999552965,0.569999992847443,0,-1.04267121514567E-06,-7.44726930861361E-05,0.009948376566172,0.038902522,0.016854008
28.711922408,-1.58579683303833,0.738600552082062,-2.6897599697113,0,0.29999990752285,3.85139496352092E-05,0.439999997615814,7.34999990463257,0.029999999329448,-0.200000002980232,0.620000004768372,0,0.000234312421526,0.000302965810988,0.01082104165107,0.040777445,0.026510533
28.819727183,-1.58563458919525,0.739074409008026,-2.68890428543091,0,0.299999907426816,-0.000283004962473,0.439999997615814,7.34999990463257,-0.159999996423721,0.140000000596046,0.370000004768372,0,-0.000108767926577,-0.000105955361505,0.006457718089223,0.048550844,0.041301675
28.910456896,-1.5856419801712,0.739103198051453,-2.68918323516846,0,0.299999907536141,6.66372153278672E-05,0.439999997615814,7.34999990463257,-0.319999992847443,0.230000004172325,0.379999995231628,0,-5.54736616322771E-05,-3.82513935619499E-05,0.006632251199335,0.039270639,0.03524898
29.009564162,-1.58565628528595,0.73889148235321,-2.69195342063904,0,0.299999907492046,6.43234232095977E-05,0.439999997615814,7.34999990463257,0.119999997317791,-0.259999990463257,0.899999976158142,0,-8.23009322630242E-05,7.65688382671215E-05,0.015707964077592,0.033517599,0.03086902
29.111943007,-1.58563494682312,0.739090740680695,-2.69029426574707,0,0.29999990751681,0.000191718547653,0.419999986886978,7.34999990463257,0.140000000596046,-0.079999998211861,0.759999990463257,0,-0.000158722803462,-7.36268775654025E-05,0.01326450239867,0.040982723,0.019878602
29.212126971,-1.58567106723785,0.73898857831955,-2.69265818595886,0,0.299999907522457,9.83528284058056E-05,0.319999992847443,7.34999990463257,-0.180000007152557,0.189999997615814,0.200000002980232,0,-8.0270241596736E-05,2.52089739660732E-05,0.003490658476949,0.041131735,0.021181521
29.308003903,-1.58561682701111,0.739019513130188,-2.68972039222717,0,0.299999907521831,2.47808956297963E-05,0.270000010728836,7.34999990463257,0.150000005960464,-0.140000000596046,0.529999971389771,0,-1.49352836160688E-05,3.94930357288103E-05,0.009250245057046,0.03682065,0.022870423
29.410824538,-1.58567929267883,0.738964140415192,-2.69157385826111,0,0.299999907514602,0.000160686117457,0.270000010728836,7.34999990463257,0.119999997317791,-0.219999998807907,0.529999971389771,0,-4.43687858933117E-05,1.04827568065957E-05,0.009250245057046,0.039867401,0.036812173
29.512455941,-1.58562302589417,0.739067614078522,-2.68959712982178,0,0.299999907528385,8.972872458473E-06,0.280000001192093,7.34999990463257,-0.239999994635582,0.180000007152557,0.150000005960464,0,-1.95098255062476E-05,-5.96848040004261E-05,0.002617993857712,0.041531324,0.033146897
29.610922814,-1.58575904369354,0.739033460617065,-2.69406795501709,0,0.299999907500571,6.82379745058544E-05,0.379999995231628,7.34999990463257,-0.270000010728836,0.009999999776483,0.5,0,-2.00661215785658E-05,-9.30151218199171E-05,0.008726646192372,0.039995194,0.037225768
29.716392518,-1.58566021919251,0.739190757274628,-2.68984603881836,0,0.299999907521068,1.02323171289924E-05,0.430000007152557,7.34999990463257,0.170000001788139,-0.219999998807907,0.629999995231628,0,-3.25885121128522E-05,-7.50569306546822E-05,0.010995574295521,0.045183897,0.028811906
29.812909842,-1.58562183380127,0.738879561424255,-2.69242715835571,0,0.299999907495484,0.000130424650231,0.430000007152557,7.34999990463257,-0.050000000745058,0.140000000596046,0.340000003576279,0,-4.68301186629105E-05,8.87415662873536E-05,0.005934119224548,0.033126115,0.026836117
29.911878109,-1.58563697338104,0.73909604549408,-2.68944931030273,0,0.29999990750528,-6.54114754883397E-06,0.430000007152557,7.34999990463257,-0.370000004768372,0.189999997615814,0.25,0,-5.39993525308091E-05,-0.000104364451545,0.004363323096186,0.039498091,0.025858453
30.010715962,-1.58575189113617,0.738985300064087,-2.69326782226562,0,0.299999907498343,-1.88635164715977E-05,0.430000007152557,7.34999990463257,0.050000000745058,-0.109999999403954,0.870000004768372,0,5.79526204091962E-05,-4.54086548415944E-05,0.015184364281595,0.034348011,0.031599744
30.11427784,-1.58566749095917,0.739184081554413,-2.68976593017578,0,0.299999907513268,0.000149549100735,0.400000005960465,7.34999990463257,0.200000002980232,-0.209999993443489,0.639999985694885,0,-9.82737765298225E-05,-9.01068851817399E-05,0.011170106939972,0.043019772,0.022397294
30.21440959,-1.58565437793732,0.738918662071228,-2.69206690788269,0,0.299999907531509,-1.06765069218935E-05,0.310000002384186,7.34999990463257,-0.059999998658896,0.050000000745058,0.209999993443489,0,8.35670871310867E-05,0.000116730567242,0.00366519135423,0.043517351,0.029715741
30.307896376,-1.58564448356628,0.739116489887237,-2.68919682502747,0,0.299999907506545,-4.31647982573352E-05,0.270000010728836,7.34999990463257,-0.140000000596046,0.059999998658896,0.189999997615814,0,-2.51635174208786E-05,3.10182804241776E-05,0.003316125599667,0.036959887,0.029114625
30.414812804,-1.58572459220886,0.738934278488159,-2.69484996795654,0,0.299999907501992,-4.71391275180183E-05,0.270000010728836,7.34999990463257,0.109999999403954,-0.230000004172325,0.680000007152557,0,2.1110270608915E-05,5.28401797055267E-05,0.011868238449097,0.042283058,0.032145745
30.512288332,-1.58563125133514,0.738920390605927,-2.69280624389648,0,0.299999907491897,-8.13657882371206E-05,0.28999999165535,7.34999990463257,0.059999998658896,0.100000001490116,0.159999996423721,0,6.74213742968277E-06,4.27902850788087E-05,0.002792526734993,0.035811901,0.031999007
30.634068251,-1.58566558361053,0.738925039768219,-2.69237446784973,0,0.299999907498187,4.49806412301335E-05,0.389999985694885,7.34999990463257,-0.28999999165535,0.170000001788139,0.140000000596046,0,-1.78589689312503E-05,8.01669448264875E-05,0.00244346098043,0.062957287,0.052162648
30.708338976,-1.58576488494873,0.738981425762177,-2.69400310516357,0,0.299999907486431,2.5384405082949E-05,0.389999985694885,7.34999990463257,-0.019999999552965,-0.070000000298023,0.610000014305115,0,2.68382027570624E-05,-6.15789758739993E-06,0.00244346098043,0.037464142,0.014227075
30.808868409,-1.58574271202087,0.738926947116852,-2.69379806518555,0,0.299999907527076,-1.84726543586888E-05,0.430000007152557,7.34999990463257,0.100000001490116,-0.079999998211861,0.540000021457672,0,0.00012040000729,5.75987251068E-05,0.009424777701497,0.037754536,0.034969
30.917228461,-1.5856431722641,0.739007592201233,-2.68988871574402,0,0.299999907454803,-0.000154619836863,0.439999997615814,7.34999990463257,-0.219999998807907,0.319999992847443,0.449999988079071,0,-4.54148612334393E-05,3.67865577572957E-05,0.007853982038796,0.046226263,0.042100445
31.011250973,-1.58563649654388,0.739036023616791,-2.68965768814087,0,0.299999907504992,5.14928456775296E-05,0.439999997615814,7.34999990463257,0.009999999776483,0,0.819999992847443,0,-5.40849214303307E-05,-0.000166465208167,0.014311700128019,0.040420293,0.032688307
31.111925364,-1.58575928211212,0.739018082618713,-2.69383358955383,0,0.299999907525142,-5.36801343379021E-06,0.389999985694885,7.34999990463257,0.170000001788139,-0.239999994635582,0.649999976158142,0,4.36512391388533E-06,2.34140152315376E-05,0.011344640515745,0.041266679,0.018768
31.211645127,-1.58563804626465,0.739030122756958,-2.68957185745239,0,0.299999907516269,-2.32482776470809E-05,0.28999999165535,7.34999990463257,0.109999999403954,-0.029999999329448,0.370000004768372,0,1.82476906047668E-05,7.23316843505017E-05,0.006457718089223,0.040526152,0.037676214
31.313836813,-1.58576011657715,0.738567650318146,-2.69029235839844,0,0.299999907527945,-2.20556717168734E-05,0.270000010728836,7.34999990463257,-0.180000007152557,0.140000000596046,0.070000000298023,0,0.000243495320319,0.000254405691521,0.001221730490215,0.042948723,0.031005073
31.411835194,-1.58572232723236,0.739033997058868,-2.69135093688965,0,0.299999907503695,9.27397517958206E-06,0.270000010728836,7.34999990463257,0.079999998211861,-0.170000001788139,0.699999988079071,0,-7.65657750889659E-06,2.05853648367338E-05,0.012217304669321,0.039754391,0.019262476
31.513916731,-1.585618019104,0.739020705223084,-2.69007873535156,0,0.299999907487332,-2.37448399529695E-06,0.310000002384186,7.34999990463257,0.009999999776483,-0.140000000596046,0.529999971389771,0,5.75707554162364E-06,1.02370158856502E-05,0.009250245057046,0.03704834,0.023904971
31.60441804,-1.58562970161438,0.739020884037018,-2.68986392021179,0,0.299999907494182,7.11391441482607E-05,0.409999996423721,7.34999990463257,-0.259999990463257,0.200000002980232,0.070000000298023,0,-5.90814670431428E-05,-3.42550811183173E-05,0.001221730490215,0.032749891,0.022050415
31.706890583,-1.58568108081818,0.73896861076355,-2.69300889968872,0,0.299999907501879,8.55750753123384E-07,0.439999997615814,7.34999990463257,-0.119999997317791,-0.029999999329448,0.560000002384186,0,9.61723981163232E-06,1.0641753760865E-05,0.009773843921721,0.035777568,0.032858079
