safety_value,throttle,steering,current,voltage,IMU[0],IMU[1],IMU[2],velocity,elapsed time,opti x,opti y,opti rot,opti time
0.0,0.0,0.0,0.10999999940395355,7.880000114440918,0.15000000596046448,0.10999999940395355,0.7300000190734863,0.0,0.099341392,0.0,0.0,0.0,0.0
0.0,0.0,0.0,0.10999999940395355,7.880000114440918,0.3499999940395355,0.14000000059604645,-1.2999999523162842,0.0,0.199303388,0.0,0.0,0.0,0.0
0.0,0.0,0.0,0.10999999940395355,7.880000114440918,0.10999999940395355,-0.5299999713897705,-3.109999895095825,0.0,0.299290895,0.0,0.0,0.0,0.0
0.0,0.0,0.0,0.10999999940395355,7.880000114440918,-0.23999999463558197,1.159999966621399,-85.38999938964844,0.0,0.399399519,0.0,0.0,0.0,0.0
0.0,0.0,0.0,0.10999999940395355,7.880000114440918,0.10999999940395355,-1.1399999856948853,-134.36000061035156,0.0,0.49931597699999997,0.0,0.0,0.0,0.0
0.0,0.0,0.0,0.10999999940395355,7.880000114440918,-0.18000000715255737,0.8500000238418579,-176.3800048828125,0.0,0.599416017,0.0,0.0,0.0,0.0
0.0,0.0,0.0,0.10999999940395355,7.880000114440918,0.07999999821186066,-1.7999999523162842,-124.80000305175781,0.0,0.699320316,0.0,0.0,0.0,0.0
0.0,0.0,0.0,0.10999999940395355,7.880000114440918,0.3700000047683716,3.130000114440918,-118.05000305175781,0.05000000074505806,0.7992630000000001,0.0,0.0,0.0,0.0
0.0,0.0,0.0,0.10999999940395355,7.880000114440918,-0.07999999821186066,-0.10000000149011612,-3.990000009536743,0.05000000074505806,0.899333477,0.0,0.0,0.0,0.0
0.0,0.0,0.0,0.10999999940395355,7.880000114440918,0.6399999856948853,0.3499999940395355,3.3399999141693115,0.0,0.999324083,0.0,0.0,0.0,0.0
0.0,0.0,0.0,0.10999999940395355,7.880000114440918,-0.5600000023841858,-0.20999999344348907,1.6299999952316284,0.0,1.099318743,0.0,0.0,0.0,0.0
0.0,0.0,0.0,0.10999999940395355,7.880000114440918,0.15000000596046448,0.07999999821186066,1.6699999570846558,0.0,1.199320793,0.0,0.0,0.0,0.0
0.0,0.0,0.0,0.10999999940395355,7.880000114440918,0.0,-0.27000001072883606,1.25,0.0,1.299317837,0.0,0.0,0.0,0.0
0.0,0.0,0.0,0.10999999940395355,7.880000114440918,-0.10000000149011612,0.05999999865889549,1.4500000476837158,0.0,1.399350166,0.0,0.0,0.0,0.0
0.0,0.0,0.0,0.10999999940395355,7.880000114440918,-0.18000000715255737,-0.1899999976158142,0.7599999904632568,0.0,1.499338627,0.0,0.0,0.0,0.0
0.0,0.0,0.0,0.10999999940395355,7.880000114440918,-0.07999999821186066,-0.029999999329447746,0.7599999904632568,0.0,1.599327326,0.0,0.0,0.0,0.0
0.0,0.0,0.0,0.10999999940395355,7.880000114440918,0.10999999940395355,-0.07000000029802322,1.2000000476837158,0.0,1.701129436,0.0,0.0,0.0,0.0
0.0,0.0,0.0,0.10999999940395355,7.880000114440918,0.03999999910593033,-0.05000000074505806,0.5600000023841858,0.0,1.799325466,0.0,0.0,0.0,0.0
0.0,0.0,0.0,0.10999999940395355,7.880000114440918,-0.11999999731779099,-0.03999999910593033,1.5299999713897705,0.0,1.899322033,0.0,0.0,0.0,0.0
0.0,0.0,0.0,0.10999999940395355,7.880000114440918,0.029999999329447746,-0.07999999821186066,0.3700000047683716,0.0,1.999411344,0.0,0.0,0.0,0.0
0.0,0.0,0.0,0.10999999940395355,7.880000114440918,-0.03999999910593033,-0.07000000029802322,1.5800000429153442,0.0,2.099313974,0.0,0.0,0.0,0.0
0.0,0.0,0.0,0.10999999940395355,7.880000114440918,-0.3799999952316284,0.27000001072883606,0.20999999344348907,0.0,2.199457884,0.0,0.0,0.0,0.0
0.0,0.0,0.0,0.10999999940395355,7.880000114440918,-0.15000000596046448,-0.15000000596046448,1.7599999904632568,0.0,2.299315691,0.0,0.0,0.0,0.0
0.0,0.0,0.0,0.10999999940395355,7.880000114440918,0.009999999776482582,0.18000000715255737,0.41999998688697815,0.0,2.39932251,0.0,0.0,0.0,0.0
0.0,0.0,0.0,0.10999999940395355,7.880000114440918,0.009999999776482582,-0.09000000357627869,1.690000057220459,0.0,2.4993183610000003,0.0,0.0,0.0,0.0
0.0,0.0,0.0,0.10999999940395355,7.880000114440918,0.009999999776482582,-0.07999999821186066,0.8399999737739563,0.0,2.599314928,0.0,0.0,0.0,0.0
0.0,0.0,0.0,0.10999999940395355,7.880000114440918,-0.09000000357627869,-0.07999999821186066,0.3700000047683716,0.0,2.699309587,0.0,0.0,0.0,0.0
0.0,0.0,0.0,0.10999999940395355,7.880000114440918,0.2199999988079071,0.3100000023841858,1.5199999809265137,0.0,2.799341917,0.0,0.0,0.0,0.0
0.0,0.0,0.0,0.10999999940395355,7.880000114440918,-0.09000000357627869,-0.20999999344348907,21.06999969482422,0.0,2.899341106,0.0,0.0,0.0,0.0
0.0,0.0,0.0,0.10999999940395355,7.880000114440918,0.38999998569488525,-0.38999998569488525,59.880001068115234,0.0,2.999321699,0.0,0.0,0.0,0.0
0.0,0.0,0.0,0.10999999940395355,7.880000114440918,0.699999988079071,0.46000000834465027,72.30000305175781,0.0,3.09934473,0.0,0.0,0.0,0.0
0.0,0.0,0.0,0.10999999940395355,7.880000114440918,0.38999998569488525,0.9599999785423279,102.05000305175781,0.0,3.199328899,0.0,0.0,0.0,0.0
0.0,0.0,0.0,0.10999999940395355,7.880000114440918,-0.7400000095367432,0.5400000214576721,123.5199966430664,0.0,3.299307108,0.0,0.0,0.0,0.0
0.0,0.0,0.0,0.10999999940395355,7.880000114440918,0.30000001192092896,0.23000000417232513,85.3499984741211,0.0,3.399312019,0.0,0.0,0.0,0.0
0.0,0.0,0.0,0.10999999940395355,7.880000114440918,0.1899999976158142,0.6800000071525574,68.19000244140625,0.0,3.49931407,0.0,0.0,0.0,0.0
0.0,0.0,0.0,0.10999999940395355,7.880000114440918,0.27000001072883606,0.10999999940395355,27.079999923706055,0.0,3.5992987149999998,0.0,0.0,0.0,0.0
0.0,0.0,0.0,0.10999999940395355,7.880000114440918,0.10999999940395355,0.17000000178813934,-0.18000000715255737,0.0,3.699321031,0.0,0.0,0.0,0.0
0.0,0.0,0.0,0.10999999940395355,7.880000114440918,0.15000000596046448,0.09000000357627869,-0.23999999463558197,0.0,3.799329757,0.0,0.0,0.0,0.0
0.0,0.0,0.0,0.10999999940395355,7.880000114440918,0.2800000011920929,1.4500000476837158,0.9200000166893005,0.0,3.899342537,0.0,0.0,0.0,0.0
0.0,0.0,0.0,0.10999999940395355,7.880000114440918,0.07999999821186066,0.5199999809265137,1.2599999904632568,0.0,3.999351501,0.0,0.0,0.0,0.0
0.0,0.0,0.0,0.10999999940395355,7.880000114440918,0.07999999821186066,-0.2199999988079071,1.0499999523162842,0.0,4.09932065,0.0,0.0,0.0,0.0
0.0,0.0,0.0,0.10999999940395355,7.880000114440918,0.07000000029802322,0.10999999940395355,1.3799999952316284,0.0,4.199338436,0.0,0.0,0.0,0.0
0.0,0.0,0.0,0.10999999940395355,7.880000114440918,-0.009999999776482582,-0.17000000178813934,0.7900000214576721,0.0,4.299337864,0.0,0.0,0.0,0.0
0.0,0.0,0.0,0.10999999940395355,7.880000114440918,-0.009999999776482582,0.029999999329447746,1.659999966621399,0.0,4.39932394,0.0,0.0,0.0,0.0
0.0,0.0,0.0,0.10999999940395355,7.880000114440918,0.05000000074505806,-0.14000000059604645,0.47999998927116394,0.0,4.500074863,0.0,0.0,0.0,0.0
0.0,0.0,0.0,0.10999999940395355,7.880000114440918,0.2199999988079071,0.07000000029802322,1.9600000381469727,0.0,4.599335909,0.0,0.0,0.0,0.0
0.0,0.0,0.0,0.10999999940395355,7.880000114440918,0.03999999910593033,-0.18000000715255737,0.2800000011920929,0.0,4.699322462,0.0,0.0,0.0,0.0
0.0,0.0,0.0,0.10999999940395355,7.880000114440918,0.14000000059604645,0.23000000417232513,2.0899999141693115,0.0,4.79931426,0.0,0.0,0.0,0.0
0.0,0.0,0.0,0.10999999940395355,7.880000114440918,0.05999999865889549,-0.029999999329447746,0.15000000596046448,0.0,4.899317026,0.0,0.0,0.0,0.0
0.0,0.0,0.0,0.10999999940395355,7.880000114440918,0.05999999865889549,-0.009999999776482582,1.9700000286102295,0.0,4.999316692,0.0,0.0,0.0,0.0
0.0,0.0,0.0,0.10999999940395355,7.880000114440918,0.019999999552965164,0.029999999329447746,0.15000000596046448,0.0,5.099319219,0.0,0.0,0.0,0.0
0.0,0.0,0.0,0.10999999940395355,7.880000114440918,-0.09000000357627869,-0.12999999523162842,1.8799999952316284,0.0,5.199314117,0.0,0.0,0.0,0.0
0.0,0.0,0.0,0.10999999940395355,7.880000114440918,0.07000000029802322,0.05000000074505806,0.25,0.0,5.299318313,0.0,0.0,0.0,0.0
0.0,0.0,0.0,0.10999999940395355,7.880000114440918,-0.019999999552965164,-0.10000000149011612,1.6299999952316284,0.0,5.399316311,0.0,0.0,0.0,0.0
0.0,0.0,0.0,0.10999999940395355,7.880000114440918,0.12999999523162842,0.10000000149011612,0.4000000059604645,0.0,5.499321222,0.0,0.0,0.0,0.0
0.0,0.0,0.0,0.10999999940395355,7.880000114440918,-0.03999999910593033,-0.10000000149011612,1.7000000476837158,0.0,5.601387739,0.0,0.0,0.0,0.0
0.0,0.0,0.0,0.10999999940395355,7.880000114440918,0.11999999731779099,0.07000000029802322,0.5099999904632568,0.0,5.699331045,0.0,0.0,0.0,0.0
0.0,0.0,0.0,0.10999999940395355,7.880000114440918,-0.019999999552965164,-0.14000000059604645,1.4199999570846558,0.0,5.79931736,0.0,0.0,0.0,0.0
0.0,0.0,0.0,0.10999999940395355,7.880000114440918,0.07000000029802322,0.05999999865889549,0.6899999976158142,0.0,5.899323702,0.0,0.0,0.0,0.0
0.0,0.0,0.0,0.10999999940395355,7.880000114440918,0.12999999523162842,-0.17000000178813934,1.4199999570846558,0.0,5.999316931,0.0,0.0,0.0,0.0
0.0,0.0,0.0,0.10999999940395355,7.880000114440918,-0.019999999552965164,0.07999999821186066,0.8500000238418579,0.0,6.099318266,0.0,0.0,0.0,0.0
0.0,0.0,0.0,0.10999999940395355,7.880000114440918,0.09000000357627869,-0.009999999776482582,0.3799999952316284,0.0,6.199350834,0.0,0.0,0.0,0.0
0.0,0.0,0.0,0.10999999940395355,7.880000114440918,-0.07999999821186066,-0.009999999776482582,3.359999895095825,0.0,6.299357652,0.0,0.0,0.0,0.0
0.0,0.0,0.0,0.10999999940395355,7.880000114440918,-0.07000000029802322,-0.3799999952316284,-0.28999999165534973,0.0,6.399504423,0.0,0.0,0.0,0.0
0.0,0.0,0.0,0.10999999940395355,7.880000114440918,0.15000000596046448,0.07999999821186066,0.12999999523162842,0.0,6.499319315,0.0,0.0,0.0,0.0
0.0,0.0,0.0,0.10999999940395355,7.880000114440918,0.4000000059604645,-0.5099999904632568,-1.0299999713897705,0.0,6.599301338,0.0,0.0,0.0,0.0
0.0,0.0,0.0,0.10999999940395355,7.880000114440918,-0.07000000029802322,0.0,1.9800000190734863,0.0,6.699301719,0.0,0.0,0.0,0.0
0.0,0.0,0.0,0.10999999940395355,7.880000114440918,0.03999999910593033,-0.2199999988079071,0.5199999809265137,0.0,6.799317121,0.0,0.0,0.0,0.0
0.0,0.0,0.0,0.10999999940395355,7.880000114440918,0.009999999776482582,0.07000000029802322,1.1100000143051147,0.0,6.899320602,0.0,0.0,0.0,0.0
0.0,0.0,0.0,0.10999999940395355,7.880000114440918,-0.07000000029802322,-0.019999999552965164,2.559999942779541,0.0,6.999382257,0.0,0.0,0.0,0.0
0.0,0.0,0.0,0.10999999940395355,7.880000114440918,-0.10999999940395355,-0.07000000029802322,-0.05999999865889549,0.0,7.099320173,0.0,0.0,0.0,0.0
0.0,0.0,0.0,0.10999999940395355,7.880000114440918,0.009999999776482582,0.05999999865889549,0.8199999928474426,0.0,7.199315071,0.0,0.0,0.0,0.0
0.0,0.0,0.0,0.10999999940395355,7.880000114440918,0.05999999865889549,0.20999999344348907,1.0700000524520874,0.0,7.299326181,0.0,0.0,0.0,0.0
0.0,0.0,0.0,0.10999999940395355,7.880000114440918,-0.029999999329447746,-0.09000000357627869,0.8199999928474426,0.0,7.39935565,0.0,0.0,0.0,0.0
0.0,0.0,0.0,0.10999999940395355,7.880000114440918,0.27000001072883606,-0.10000000149011612,0.9700000286102295,0.0,7.499310493,0.0,0.0,0.0,0.0
0.0,0.0,0.0,0.10999999940395355,7.880000114440918,-0.03999999910593033,-0.23999999463558197,1.5700000524520874,0.0,7.599316835,0.0,0.0,0.0,0.0
0.0,0.0,0.0,0.10999999940395355,7.880000114440918,0.23999999463558197,-0.20999999344348907,-0.07999999821186066,0.0,7.699310303,0.0,0.0,0.0,0.0
0.0,0.0,0.0,0.10999999940395355,7.880000114440918,-0.10999999940395355,0.10000000149011612,1.0800000429153442,0.0,7.79929471,0.0,0.0,0.0,0.0
0.0,0.0,0.0,0.10999999940395355,7.880000114440918,0.09000000357627869,0.05000000074505806,0.3100000023841858,0.0,7.899306536,0.0,0.0,0.0,0.0
0.0,0.0,0.0,0.10999999940395355,7.880000114440918,0.09000000357627869,0.03999999910593033,1.5,0.0,7.999325514,0.0,0.0,0.0,0.0
0.0,0.0,0.0,0.10999999940395355,7.880000114440918,0.009999999776482582,0.07999999821186066,0.44999998807907104,0.0,8.099314213,0.0,0.0,0.0,0.0
0.0,0.0,0.0,0.10999999940395355,7.880000114440918,-0.23000000417232513,-0.019999999552965164,1.2300000190734863,0.0,8.199306488,0.0,0.0,0.0,0.0
0.0,0.0,0.0,0.10999999940395355,7.880000114440918,0.009999999776482582,-0.05000000074505806,0.6299999952316284,0.0,8.299311638,0.0,0.0,0.0,0.0
0.0,0.0,0.0,0.10999999940395355,7.880000114440918,-0.11999999731779099,0.009999999776482582,1.850000023841858,0.0,8.399335384,0.0,0.0,0.0,0.0
0.0,0.0,0.0,0.10999999940395355,7.880000114440918,0.12999999523162842,-0.14000000059604645,-0.019999999552965164,0.0,8.499316931,0.0,0.0,0.0,0.0
0.0,0.0,0.0,0.10999999940395355,7.880000114440918,-0.03999999910593033,0.3199999928474426,2.6600000858306885,0.0,8.599311828,0.0,0.0,0.0,0.0
0.0,0.0,0.0,0.10999999940395355,7.880000114440918,0.20999999344348907,0.46000000834465027,1.4600000381469727,0.0,8.699342966,0.0,0.0,0.0,0.0
0.0,0.0,0.0,0.10999999940395355,7.880000114440918,0.10000000149011612,-0.18000000715255737,0.800000011920929,0.0,8.799315214,0.0,0.0,0.0,0.0
0.0,0.0,0.0,0.10999999940395355,7.880000114440918,0.4000000059604645,-0.10000000149011612,2.75,0.0,8.899326324,0.0,0.0,0.0,0.0
0.0,0.0,0.0,0.10999999940395355,7.880000114440918,0.009999999776482582,0.05000000074505806,1.2699999809265137,0.0,8.999316931,0.0,0.0,0.0,0.0
0.0,0.0,0.0,0.10999999940395355,7.880000114440918,-0.009999999776482582,-0.4300000071525574,0.029999999329447746,0.0,9.099314451,0.0,0.0,0.0,0.0
0.0,0.0,0.0,0.10999999940395355,7.880000114440918,0.17000000178813934,-0.07999999821186066,-0.07999999821186066,0.0,9.199313879,0.0,0.0,0.0,0.0
0.0,0.0,0.0,0.10999999940395355,7.880000114440918,0.30000001192092896,-0.3400000035762787,1.6399999856948853,0.0,9.299320221,0.0,0.0,0.0,0.0
0.0,0.0,0.0,0.10999999940395355,7.880000114440918,0.75,-0.23000000417232513,5.150000095367432,0.0,9.399315834,0.0,0.0,0.0,0.0
0.0,0.0,0.0,0.10999999940395355,7.880000114440918,-0.23999999463558197,-0.05999999865889549,0.6499999761581421,0.0,9.499317646,0.0,0.0,0.0,0.0
0.0,0.0,0.0,0.10999999940395355,7.880000114440918,0.17000000178813934,0.019999999552965164,0.5899999737739563,0.0,9.599322557,0.0,0.0,0.0,0.0
0.0,0.0,0.0,0.10999999940395355,7.880000114440918,-0.05000000074505806,-0.23000000417232513,1.3899999856948853,0.0,9.699318886,0.0,0.0,0.0,0.0
0.0,0.0,0.0,0.10999999940395355,7.880000114440918,0.029999999329447746,0.25999999046325684,0.8700000047683716,0.0,9.799848079,0.0,0.0,0.0,0.0
0.0,0.0,0.0,0.10999999940395355,7.880000114440918,0.0,-0.20000000298023224,-0.2199999988079071,0.0,9.899296999,0.0,0.0,0.0,0.0
0.0,0.0,0.0,0.10999999940395355,7.880000114440918,0.17000000178813934,0.14000000059604645,0.8500000238418579,0.0,9.999312401,0.0,0.0,0.0,0.0
0.0,0.0,0.0,0.10999999940395355,7.880000114440918,0.12999999523162842,0.0,0.9100000262260437,0.0,10.09933424,0.0,0.0,0.0,0.0
0.0,0.0,0.0,0.10999999940395355,7.880000114440918,0.23000000417232513,0.18000000715255737,0.6800000071525574,0.0,10.199321508,0.0,0.0,0.0,0.0
0.0,0.0,0.0,0.10999999940395355,7.880000114440918,-0.029999999329447746,0.019999999552965164,1.2100000381469727,0.0,10.299310446,0.0,0.0,0.0,0.0
0.0,0.0,0.0,0.10999999940395355,7.880000114440918,0.1599999964237213,0.10999999940395355,0.949999988079071,0.0,10.399307012,0.0,0.0,0.0,0.0
0.0,0.0,0.0,0.10999999940395355,7.880000114440918,0.03999999910593033,-0.25,1.1699999570846558,0.0,10.499316931,0.0,0.0,0.0,0.0
0.0,0.0,0.0,0.10999999940395355,7.880000114440918,-0.009999999776482582,0.20999999344348907,0.6600000262260437,0.0,10.599324703,0.0,0.0,0.0,0.0
0.0,0.0,0.0,0.10999999940395355,7.880000114440918,-0.029999999329447746,-0.10999999940395355,1.1799999475479126,0.0,10.699324608,0.0,0.0,0.0,0.0
0.0,0.0,0.0,0.10999999940395355,7.880000114440918,0.23000000417232513,-0.019999999552965164,0.5400000214576721,0.0,10.799307823,0.0,0.0,0.0,0.0
0.0,0.0,0.0,0.10999999940395355,7.880000114440918,-0.009999999776482582,0.25999999046325684,1.850000023841858,0.0,10.899302482,0.0,0.0,0.0,0.0
0.0,0.0,0.0,0.10999999940395355,7.880000114440918,0.03999999910593033,0.019999999552965164,0.20999999344348907,0.0,10.999299526,0.0,0.0,0.0,0.0
0.0,0.0,0.0,0.10999999940395355,7.880000114440918,0.05999999865889549,-0.25,0.8199999928474426,0.0,11.099294662,0.0,0.0,0.0,0.0
0.0,0.0,0.0,0.10999999940395355,7.880000114440918,-0.019999999552965164,0.009999999776482582,0.33000001311302185,0.0,11.199316263,0.0,0.0,0.0,0.0
0.0,0.0,0.0,0.10999999940395355,7.880000114440918,-0.009999999776482582,0.05999999865889549,1.7999999523162842,0.0,11.299315214,0.0,0.0,0.0,0.0
0.0,0.0,0.0,0.10999999940395355,7.880000114440918,0.07000000029802322,-0.029999999329447746,0.3700000047683716,0.0,11.399300337,0.0,0.0,0.0,0.0
0.0,0.0,0.0,0.10999999940395355,7.880000114440918,0.05999999865889549,0.009999999776482582,1.8600000143051147,0.0,11.499299764,0.0,0.0,0.0,0.0
0.0,0.0,0.0,0.10999999940395355,7.880000114440918,0.20000000298023224,-0.05999999865889549,-0.3499999940395355,0.0,11.599426269,0.0,0.0,0.0,0.0
0.0,0.0,0.0,0.10999999940395355,7.880000114440918,-0.07000000029802322,-0.07000000029802322,1.4700000286102295,0.0,11.699447155,0.0,0.0,0.0,0.0
0.0,0.0,0.0,0.10999999940395355,7.880000114440918,0.2199999988079071,0.03999999910593033,-0.10000000149011612,0.0,11.799540996,0.0,0.0,0.0,0.0
0.0,0.0,0.0,0.10999999940395355,7.880000114440918,-0.0,-0.07999999821186066,2.309999942779541,0.0,11.899524689,0.0,0.0,0.0,0.0
0.0,0.0,0.0,0.10999999940395355,7.880000114440918,0.10000000149011612,-0.09000000357627869,0.27000001072883606,0.0,11.999585628,0.0,0.0,0.0,0.0
0.0,0.0,0.0,0.10999999940395355,7.880000114440918,0.019999999552965164,0.17000000178813934,1.809999942779541,0.0,12.099479198,0.0,0.0,0.0,0.0
0.0,0.0,0.0,0.10999999940395355,7.880000114440918,0.11999999731779099,-0.15000000596046448,0.550000011920929,0.0,12.199518442,0.0,0.0,0.0,0.0
0.0,0.0,0.0,0.10999999940395355,7.880000114440918,-0.0,0.2199999988079071,1.2100000381469727,0.0,12.299475193,0.0,0.0,0.0,0.0
0.0,0.0,0.0,0.10999999940395355,7.880000114440918,-0.10999999940395355,-0.17000000178813934,1.1799999475479126,0.0,12.3995049,0.0,0.0,0.0,0.0
0.0,0.0,0.0,0.10999999940395355,7.880000114440918,0.05000000074505806,0.27000001072883606,0.20999999344348907,0.0,12.499603748,0.0,0.0,0.0,0.0
0.0,0.0,0.0,0.10999999940395355,7.880000114440918,0.019999999552965164,-0.03999999910593033,2.390000104904175,0.0,12.5993824,0.0,0.0,0.0,0.0
0.0,0.0,0.0,0.10999999940395355,7.880000114440918,0.019999999552965164,-0.14000000059604645,0.009999999776482582,0.0,12.699320793,0.0,0.0,0.0,0.0
0.0,0.0,0.0,0.10999999940395355,7.880000114440918,0.03999999910593033,0.14000000059604645,1.659999966621399,0.0,12.799504757,0.0,0.0,0.0,0.0
0.0,0.0,0.0,0.10999999940395355,7.880000114440918,-0.03999999910593033,-0.14000000059604645,1.0199999809265137,0.0,12.899437427,0.0,0.0,0.0,0.0
0.0,0.0,0.0,0.10999999940395355,7.880000114440918,-0.019999999552965164,0.1899999976158142,0.38999998569488525,0.0,12.999447822,0.0,0.0,0.0,0.0
0.0,0.0,0.0,0.10999999940395355,7.880000114440918,-0.03999999910593033,-0.05000000074505806,2.240000009536743,0.0,13.099541902,0.0,0.0,0.0,0.0
0.0,0.0,0.0,0.10999999940395355,7.880000114440918,0.12999999523162842,-0.10999999940395355,-0.10999999940395355,0.0,13.199424028,0.0,0.0,0.0,0.0
0.0,0.0,0.0,0.10999999940395355,7.880000114440918,0.12999999523162842,-0.10999999940395355,-0.10999999940395355,0.0,13.300438642,0.0,0.0,0.0,0.0
0.0,0.0,0.0,0.10999999940395355,7.880000114440918,0.009999999776482582,-0.17000000178813934,0.7900000214576721,0.0,13.4006145,0.0,0.0,0.0,0.0
0.0,0.0,0.0,0.10999999940395355,7.880000114440918,-0.029999999329447746,0.03999999910593033,0.4099999964237213,0.0,13.499583244,0.0,0.0,0.0,0.0
0.0,0.0,0.0,0.10999999940395355,7.880000114440918,0.10999999940395355,-0.11999999731779099,2.359999895095825,0.0,13.59949255,0.0,0.0,0.0,0.0
0.0,0.0,0.0,0.10999999940395355,7.880000114440918,0.20999999344348907,-0.019999999552965164,-0.15000000596046448,0.0,13.699748993,0.0,0.0,0.0,0.0
0.0,0.0,0.0,0.10999999940395355,7.880000114440918,0.07999999821186066,0.12999999523162842,2.0399999618530273,0.0,13.799737453,0.0,0.0,0.0,0.0
0.0,0.0,0.0,0.10999999940395355,7.880000114440918,-0.05000000074505806,-0.05000000074505806,0.8199999928474426,0.0,13.899712801,0.0,0.0,0.0,0.0
0.0,0.0,0.0,0.10999999940395355,7.880000114440918,-0.009999999776482582,0.029999999329447746,0.33000001311302185,0.0,13.999528408,0.0,0.0,0.0,0.0
0.0,0.0,0.0,0.10999999940395355,7.880000114440918,0.029999999329447746,0.03999999910593033,2.5,0.0,14.099350452,0.0,0.0,0.0,0.0
0.0,0.0,0.0,0.10999999940395355,7.880000114440918,0.11999999731779099,-0.10999999940395355,0.18000000715255737,0.0,14.199331999,0.0,0.0,0.0,0.0
0.0,0.0,0.0,0.10999999940395355,7.880000114440918,0.20999999344348907,0.12999999523162842,1.649999976158142,0.0,14.299345493,0.0,0.0,0.0,0.0
0.0,0.0,0.0,0.10999999940395355,7.880000114440918,0.03999999910593033,-0.14000000059604645,1.4900000095367432,0.0,14.401529312,0.0,0.0,0.0,0.0
0.0,0.0,0.0,0.10999999940395355,7.880000114440918,-0.009999999776482582,0.019999999552965164,-0.009999999776482582,0.0,14.499667406,0.0,0.0,0.0,0.0
0.0,0.0,0.0,0.10999999940395355,7.880000114440918,0.05000000074505806,0.10999999940395355,2.2699999809265137,0.0,14.599574566,0.0,0.0,0.0,0.0
0.0,0.0,0.0,0.10999999940395355,7.880000114440918,0.07999999821186066,-0.18000000715255737,0.20999999344348907,0.0,14.699660778,0.0,0.0,0.0,0.0
0.0,0.0,0.0,0.10999999940395355,7.880000114440918,0.10000000149011612,0.14000000059604645,1.3600000143051147,0.0,14.799654245,0.0,0.0,0.0,0.0
0.0,0.0,0.0,0.10999999940395355,7.880000114440918,0.029999999329447746,-0.17000000178813934,1.690000057220459,0.0,14.899791002,0.0,0.0,0.0,0.0
0.0,0.0,0.0,0.10999999940395355,7.880000114440918,0.05000000074505806,-0.029999999329447746,-0.15000000596046448,0.0,14.999656439,0.0,0.0,0.0,0.0
0.0,0.0,0.0,0.10999999940395355,7.880000114440918,0.1599999964237213,0.14000000059604645,2.240000009536743,0.0,15.099595785,0.0,0.0,0.0,0.0
0.0,0.0,0.0,0.10999999940395355,7.880000114440918,0.019999999552965164,-0.18000000715255737,0.44999998807907104,0.0,15.199528456,0.0,0.0,0.0,0.0
0.0,0.0,0.0,0.10999999940395355,7.880000114440918,0.12999999523162842,0.05999999865889549,0.8299999833106995,0.0,15.299534082,0.0,0.0,0.0,0.0
0.0,0.0,0.0,0.10999999940395355,7.880000114440918,0.05999999865889549,-0.11999999731779099,2.180000066757202,0.0,15.399428606,0.0,0.0,0.0,0.0
0.0,0.0,0.0,0.10999999940395355,7.880000114440918,0.07999999821186066,-0.009999999776482582,-0.18000000715255737,0.0,15.499305725,0.0,0.0,0.0,0.0
0.0,0.0,0.0,0.10999999940395355,7.880000114440918,0.05999999865889549,0.18000000715255737,1.9500000476837158,0.0,15.599566936,0.0,0.0,0.0,0.0
0.0,0.0,0.0,0.10999999940395355,7.880000114440918,-0.009999999776482582,-0.1599999964237213,0.6100000143051147,0.0,15.699354887,0.0,0.0,0.0,0.0
0.0,0.0,0.0,0.10999999940395355,7.880000114440918,0.10000000149011612,0.2199999988079071,0.8899999856948853,0.0,15.79931736,0.0,0.0,0.0,0.0
0.0,0.0,0.0,0.10999999940395355,7.880000114440918,-0.019999999552965164,-0.1599999964237213,1.7699999809265137,0.0,15.899318695,0.0,0.0,0.0,0.0
0.0,0.0,0.0,0.10999999940395355,7.880000114440918,0.05000000074505806,0.029999999329447746,0.10999999940395355,0.0,15.999309778,0.0,0.0,0.0,0.0
0.0,0.0,0.0,0.10999999940395355,7.880000114440918,0.05000000074505806,-0.05999999865889549,2.1700000762939453,0.0,16.099309206,0.0,0.0,0.0,0.0
0.0,0.0,0.0,0.10999999940395355,7.880000114440918,0.10999999940395355,-0.019999999552965164,-0.019999999552965164,0.0,16.199315309,0.0,0.0,0.0,0.0
0.0,0.0,0.0,0.10999999940395355,7.880000114440918,0.0,0.10000000149011612,2.4000000953674316,0.0,16.299364328,0.0,0.0,0.0,0.0
0.0,0.0,0.0,0.10999999940395355,7.880000114440918,0.05000000074505806,-0.15000000596046448,-0.20999999344348907,0.0,16.399290561,0.0,0.0,0.0,0.0
0.0,0.0,0.0,0.10999999940395355,7.880000114440918,0.009999999776482582,0.03999999910593033,2.309999942779541,0.0,16.499319553,0.0,0.0,0.0,0.0
0.0,0.0,0.0,0.10999999940395355,7.880000114440918,0.05999999865889549,-0.12999999523162842,0.029999999329447746,0.0,16.599323034,0.0,0.0,0.0,0.0
0.0,0.0,0.0,0.10999999940395355,7.880000114440918,0.07999999821186066,0.03999999910593033,2.2699999809265137,0.0,16.699331999,0.0,0.0,0.0,0.0
0.0,0.0,0.0,0.10999999940395355,7.880000114440918,0.1599999964237213,-0.20999999344348907,0.27000001072883606,0.0,16.799337625,0.0,0.0,0.0,0.0
0.0,0.0,0.0,0.10999999940395355,7.880000114440918,0.05000000074505806,0.07999999821186066,2.109999895095825,0.0,16.899321794,0.0,0.0,0.0,0.0
0.0,0.0,0.0,0.10999999940395355,7.880000114440918,0.03999999910593033,-0.20999999344348907,0.1899999976158142,0.0,16.999339342,0.0,0.0,0.0,0.0
0.0,0.0,0.0,0.10999999940395355,7.880000114440918,0.03999999910593033,0.03999999910593033,2.2100000381469727,0.0,17.099355221,0.0,0.0,0.0,0.0
0.0,0.0,0.0,0.10999999940395355,7.880000114440918,0.12999999523162842,-0.019999999552965164,0.10000000149011612,0.0,17.19932127,0.0,0.0,0.0,0.0
0.0,0.0,0.0,0.10999999940395355,7.880000114440918,0.20000000298023224,0.1599999964237213,2.380000114440918,0.0,17.299307823,0.0,0.0,0.0,0.0
0.0,0.0,0.0,0.10999999940395355,7.880000114440918,0.15000000596046448,-0.10999999940395355,-0.05000000074505806,0.0,17.399332046,0.0,0.0,0.0,0.0
0.0,0.0,0.0,0.10999999940395355,7.880000114440918,0.09000000357627869,0.12999999523162842,2.369999885559082,0.0,17.49933052,0.0,0.0,0.0,0.0
0.0,0.0,0.0,0.10999999940395355,7.880000114440918,0.07000000029802322,-0.11999999731779099,-0.17000000178813934,0.0,17.59931755,0.0,0.0,0.0,0.0
0.0,0.0,0.0,0.10999999940395355,7.880000114440918,0.05000000074505806,-0.07999999821186066,2.3499999046325684,0.0,17.699315786,0.0,0.0,0.0,0.0
0.0,0.0,0.0,0.10999999940395355,7.880000114440918,0.009999999776482582,0.07000000029802322,-0.03999999910593033,0.0,17.799308538,0.0,0.0,0.0,0.0
0.0,0.0,0.0,0.10999999940395355,7.880000114440918,0.05999999865889549,-0.03999999910593033,2.2300000190734863,0.0,17.899352312,0.0,0.0,0.0,0.0
0.0,0.0,0.0,0.10999999940395355,7.880000114440918,0.15000000596046448,0.05000000074505806,0.009999999776482582,0.0,17.999357939,0.0,0.0,0.0,0.0
0.0,0.0,0.0,0.10999999940395355,7.880000114440918,0.0,-0.09000000357627869,1.9199999570846558,0.0,18.099353552,0.0,0.0,0.0,0.0
0.0,0.0,0.0,0.10999999940395355,7.880000114440918,0.07999999821186066,-0.009999999776482582,0.20000000298023224,0.0,18.199350834,0.0,0.0,0.0,0.0
0.0,0.0,0.0,0.10999999940395355,7.880000114440918,-0.09000000357627869,-0.17000000178813934,1.840000033378601,0.0,18.299327135,0.0,0.0,0.0,0.0
0.0,0.0,0.0,0.10999999940395355,7.880000114440918,0.10999999940395355,0.03999999910593033,0.2199999988079071,0.0,18.399322986,0.0,0.0,0.0,0.0
0.0,0.0,0.0,0.10999999940395355,7.880000114440918,-0.03999999910593033,-0.17000000178813934,1.4800000190734863,0.0,18.499312877,0.0,0.0,0.0,0.0
0.0,0.0,0.0,0.10999999940395355,7.880000114440918,0.05000000074505806,0.10000000149011612,0.7599999904632568,0.0,18.599320411,0.0,0.0,0.0,0.0
0.0,0.0,0.0,0.10999999940395355,7.880000114440918,0.03999999910593033,-0.10000000149011612,1.3899999856948853,0.0,18.699325561,0.0,0.0,0.0,0.0
0.0,0.0,0.0,0.10999999940395355,7.880000114440918,0.10999999940395355,0.1899999976158142,1.1399999856948853,0.0,18.799319029,0.0,0.0,0.0,0.0
0.0,0.0,0.0,0.10999999940395355,7.880000114440918,0.07999999821186066,-0.15000000596046448,0.9900000095367432,0.0,18.899313688,0.0,0.0,0.0,0.0
0.0,0.0,0.0,0.10999999940395355,7.880000114440918,0.03999999910593033,0.15000000596046448,1.1799999475479126,0.0,18.999323368,0.0,0.0,0.0,0.0
0.0,0.0,0.0,0.10999999940395355,7.880000114440918,0.05000000074505806,-0.20000000298023224,1.0199999809265137,0.0,19.099346876,0.0,0.0,0.0,0.0
0.0,0.0,0.0,0.10999999940395355,7.880000114440918,0.019999999552965164,0.14000000059604645,1.4299999475479126,0.0,19.199335098,0.0,0.0,0.0,0.0
0.0,0.0,0.0,0.10999999940395355,7.880000114440918,0.0,-0.23000000417232513,0.8899999856948853,0.0,19.29931879,0.0,0.0,0.0,0.0
0.0,0.0,0.0,0.10999999940395355,7.880000114440918,0.12999999523162842,0.1599999964237213,1.5299999713897705,0.0,19.399325847,0.0,0.0,0.0,0.0
0.0,0.0,0.0,0.10999999940395355,7.880000114440918,0.029999999329447746,-0.1899999976158142,0.7699999809265137,0.0,19.499342203,0.0,0.0,0.0,0.0
0.0,0.0,0.0,0.10999999940395355,7.880000114440918,0.10000000149011612,0.17000000178813934,1.8899999856948853,0.0,19.599323511,0.0,0.0,0.0,0.0
0.0,0.0,0.0,0.10999999940395355,7.880000114440918,-0.009999999776482582,-0.23000000417232513,0.4099999964237213,0.0,19.699320316,0.0,0.0,0.0,0.0
0.0,0.0,0.0,0.10999999940395355,7.880000114440918,0.09000000357627869,0.1599999964237213,2.0799999237060547,0.0,19.799324512,0.0,0.0,0.0,0.0
0.0,0.0,0.0,0.10999999940395355,7.880000114440918,0.09000000357627869,-0.1599999964237213,0.15000000596046448,0.0,19.899307966,0.0,0.0,0.0,0.0
0.0,0.0,0.0,0.10999999940395355,7.880000114440918,-0.05999999865889549,0.0,2.2699999809265137,0.0,19.999305963,0.0,0.0,0.0,0.0
0.0,0.0,0.0,0.10999999940395355,7.880000114440918,0.05999999865889549,0.009999999776482582,-0.14000000059604645,0.0,20.099431038,0.0,0.0,0.0,0.0
0.0,0.0,0.0,0.10999999940395355,7.880000114440918,-0.019999999552965164,-0.07000000029802322,2.2100000381469727,0.0,20.199339628,0.0,0.0,0.0,0.0
0.0,0.0,0.0,0.10999999940395355,7.880000114440918,0.10000000149011612,-0.009999999776482582,0.05000000074505806,0.0,20.299337625,0.0,0.0,0.0,0.0
0.0,0.0,0.0,0.10999999940395355,7.880000114440918,0.019999999552965164,-0.09000000357627869,1.9199999570846558,0.0,20.399303436,0.0,0.0,0.0,0.0
0.0,0.0,0.0,0.10999999940395355,7.880000114440918,0.07000000029802322,0.07000000029802322,0.4000000059604645,0.0,20.499312401,0.0,0.0,0.0,0.0
0.0,0.0,0.0,0.10999999940395355,7.880000114440918,0.03999999910593033,-0.11999999731779099,1.4600000381469727,0.0,20.599311113,0.0,0.0,0.0,0.0
0.0,0.0,0.0,0.10999999940395355,7.880000114440918,0.07000000029802322,0.15000000596046448,0.949999988079071,0.0,20.699346304,0.0,0.0,0.0,0.0
0.0,0.0,0.0,0.10999999940395355,7.880000114440918,0.07999999821186066,-0.10000000149011612,1.1799999475479126,0.0,20.799319744,0.0,0.0,0.0,0.0
0.0,0.0,0.0,0.10999999940395355,7.880000114440918,0.029999999329447746,0.1899999976158142,1.3200000524520874,0.0,20.89931035,0.0,0.0,0.0,0.0
0.0,0.0,0.0,0.10999999940395355,7.880000114440918,0.019999999552965164,-0.20000000298023224,0.8199999928474426,0.0,20.999531269,0.0,0.0,0.0,0.0
0.0,0.0,0.0,0.10999999940395355,7.880000114440918,0.09000000357627869,0.18000000715255737,1.6799999475479126,0.0,21.099324465,0.0,0.0,0.0,0.0
0.0,0.0,0.0,0.10999999940395355,7.880000114440918,0.07999999821186066,-0.23999999463558197,0.6200000047683716,0.0,21.199320078,0.0,0.0,0.0,0.0
0.0,0.0,0.0,0.10999999940395355,7.880000114440918,0.09000000357627869,0.07999999821186066,1.850000023841858,0.0,21.299309015,0.0,0.0,0.0,0.0
0.0,0.0,0.0,0.10999999940395355,7.880000114440918,0.029999999329447746,-0.1899999976158142,0.3499999940395355,0.0,21.399309397,0.0,0.0,0.0,0.0
0.0,0.0,0.0,0.10999999940395355,7.880000114440918,0.10000000149011612,0.09000000357627869,2.0799999237060547,0.0,21.499324083,0.0,0.0,0.0,0.0
0.0,0.0,0.0,0.10999999940395355,7.880000114440918,0.05000000074505806,-0.20000000298023224,0.14000000059604645,0.0,21.599326134000002,0.0,0.0,0.0,0.0
0.0,0.0,0.0,0.10999999940395355,7.880000114440918,0.019999999552965164,0.09000000357627869,2.130000114440918,0.0,21.699307918,0.0,0.0,0.0,0.0
0.0,0.0,0.0,0.10999999940395355,7.880000114440918,0.10000000149011612,-0.03999999910593033,-0.09000000357627869,0.0,21.799312591,0.0,0.0,0.0,0.0
0.0,0.0,0.0,0.10999999940395355,7.880000114440918,0.05000000074505806,0.11999999731779099,2.2899999618530273,0.0,21.899346351,0.0,0.0,0.0,0.0
0.0,0.0,0.0,0.10999999940395355,7.880000114440918,0.1599999964237213,-0.10000000149011612,-0.019999999552965164,0.0,21.999323606,0.0,0.0,0.0,0.0
0.0,0.0,0.0,0.10999999940395355,7.880000114440918,0.029999999329447746,0.09000000357627869,2.2300000190734863,0.0,22.099318504,0.0,0.0,0.0,0.0
0.0,0.0,0.0,0.10999999940395355,7.880000114440918,0.10999999940395355,-0.14000000059604645,0.019999999552965164,0.0,22.199313164,0.0,0.0,0.0,0.0
0.0,0.0,0.0,0.10999999940395355,7.880000114440918,-0.009999999776482582,0.029999999329447746,2.319999933242798,0.0,22.299300909,0.0,0.0,0.0,0.0
0.0,0.0,0.0,0.10999999940395355,7.880000114440918,0.03999999910593033,-0.05000000074505806,0.019999999552965164,0.0,22.39931345,0.0,0.0,0.0,0.0
0.0,0.0,0.0,0.10999999940395355,7.880000114440918,-0.029999999329447746,0.05999999865889549,2.3299999237060547,0.0,22.499321461,0.0,0.0,0.0,0.0
0.0,0.0,0.0,0.10999999940395355,7.880000114440918,0.15000000596046448,-0.05999999865889549,0.17000000178813934,0.0,22.599334001,0.0,0.0,0.0,0.0
0.0,0.0,0.0,0.10999999940395355,7.880000114440918,-0.0,0.07999999821186066,2.309999942779541,0.0,22.699344873,0.0,0.0,0.0,0.0
0.0,0.0,0.0,0.10999999940395355,7.880000114440918,0.10999999940395355,-0.11999999731779099,0.0,0.0,22.799320936,0.0,0.0,0.0,0.0
0.0,0.0,0.0,0.10999999940395355,7.880000114440918,0.009999999776482582,-0.05999999865889549,2.140000104904175,0.0,22.899301052,0.0,0.0,0.0,0.0
0.0,0.0,0.0,0.10999999940395355,7.880000114440918,0.11999999731779099,-0.03999999910593033,0.07999999821186066,0.0,22.999319792,0.0,0.0,0.0,0.0
0.0,0.0,0.0,0.10999999940395355,7.880000114440918,-0.019999999552965164,0.03999999910593033,2.3399999141693115,0.0,23.099341869,0.0,0.0,0.0,0.0
0.0,0.0,0.0,0.10999999940395355,7.880000114440918,0.10999999940395355,-0.07999999821186066,0.03999999910593033,0.0,23.199363708,0.0,0.0,0.0,0.0
0.0,0.0,0.0,0.10999999940395355,7.880000114440918,0.07000000029802322,0.10000000149011612,2.309999942779541,0.0,23.299317121,0.0,0.0,0.0,0.0
0.0,0.0,0.0,0.10999999940395355,7.880000114440918,0.029999999329447746,-0.17000000178813934,-0.10999999940395355,0.0,23.399294138,0.0,0.0,0.0,0.0
0.0,0.0,0.0,0.10999999940395355,7.880000114440918,0.019999999552965164,-0.009999999776482582,2.2699999809265137,0.0,23.499394655,0.0,0.0,0.0,0.0
0.0,0.0,0.0,0.10999999940395355,7.880000114440918,0.05000000074505806,-0.12999999523162842,0.03999999910593033,0.0,23.59931159,0.0,0.0,0.0,0.0
0.0,0.0,0.0,0.10999999940395355,7.880000114440918,0.0,0.12999999523162842,2.4000000953674316,0.0,23.69933176,0.0,0.0,0.0,0.0
0.0,0.0,0.0,0.10999999940395355,7.880000114440918,0.10999999940395355,-0.15000000596046448,0.10000000149011612,0.0,23.799339294,0.0,0.0,0.0,0.0
0.0,0.0,0.0,0.10999999940395355,7.880000114440918,0.10999999940395355,0.09000000357627869,2.2100000381469727,0.0,23.899340391,0.0,0.0,0.0,0.0
0.0,0.0,0.0,0.10999999940395355,7.880000114440918,0.12999999523162842,-0.11999999731779099,0.029999999329447746,0.0,23.999538183,0.0,0.0,0.0,0.0
0.0,0.0,0.0,0.10999999940395355,7.880000114440918,0.07000000029802322,0.10999999940395355,2.1700000762939453,0.0,24.099336862,0.0,0.0,0.0,0.0
0.0,0.0,0.0,0.10999999940395355,7.880000114440918,0.10000000149011612,-0.11999999731779099,0.019999999552965164,0.0,24.199326753,0.0,0.0,0.0,0.0
0.0,0.0,0.0,0.10999999940395355,7.880000114440918,0.03999999910593033,0.10999999940395355,2.140000104904175,0.0,24.299393415,0.0,0.0,0.0,0.0
0.0,0.0,0.0,0.10999999940395355,7.880000114440918,0.10999999940395355,-0.05000000074505806,0.05000000074505806,0.0,24.399327993,0.0,0.0,0.0,0.0
0.0,0.0,0.0,0.10999999940395355,7.880000114440918,-0.0,0.10999999940395355,2.2100000381469727,0.0,24.499314308,0.0,0.0,0.0,0.0
0.0,0.0,0.0,0.10999999940395355,7.880000114440918,0.10999999940395355,-0.15000000596046448,0.0,0.0,24.599305391,0.0,0.0,0.0,0.0
0.0,0.0,0.0,0.10999999940395355,7.880000114440918,0.07000000029802322,-0.05000000074505806,2.3399999141693115,0.0,24.699312687,0.0,0.0,0.0,0.0
0.0,0.0,0.0,0.10999999940395355,7.880000114440918,0.03999999910593033,-0.07000000029802322,-0.03999999910593033,0.0,24.799310922,0.0,0.0,0.0,0.0
0.0,0.0,0.0,0.10999999940395355,7.880000114440918,0.05000000074505806,0.05000000074505806,2.259999990463257,0.0,24.899308681,0.0,0.0,0.0,0.0
0.0,0.0,0.0,0.10999999940395355,7.880000114440918,0.07000000029802322,0.0,-0.05000000074505806,0.0,24.999302864,0.0,0.0,0.0,0.0
0.0,0.0,0.0,0.10999999940395355,7.880000114440918,0.05000000074505806,-0.0,2.299999952316284,0.0,25.099383116,0.0,0.0,0.0,0.0
0.0,0.0,0.0,0.10999999940395355,7.880000114440918,0.11999999731779099,0.029999999329447746,0.019999999552965164,0.0,25.199335813,0.0,0.0,0.0,0.0
0.0,0.0,0.0,0.10999999940395355,7.880000114440918,-0.029999999329447746,-0.12999999523162842,2.0899999141693115,0.0,25.299322367,0.0,0.0,0.0,0.0
0.0,0.0,0.0,0.10999999940395355,7.880000114440918,0.05000000074505806,-0.019999999552965164,0.09000000357627869,0.0,25.399334907,0.0,0.0,0.0,0.0
0.0,0.0,0.0,0.10999999940395355,7.880000114440918,0.05000000074505806,-0.07999999821186066,1.9700000286102295,0.0,25.499325275,0.0,0.0,0.0,0.0
0.0,0.0,0.0,0.10999999940395355,7.880000114440918,0.09000000357627869,0.029999999329447746,0.05000000074505806,0.0,25.599324703,0.0,0.0,0.0,0.0
0.0,0.0,0.0,0.10999999940395355,7.880000114440918,0.019999999552965164,-0.09000000357627869,1.7400000095367432,0.0,25.699319601,0.0,0.0,0.0,0.0
0.0,0.0,0.0,0.10999999940395355,7.880000114440918,0.11999999731779099,0.1599999964237213,0.4300000071525574,0.0,25.79933095,0.0,0.0,0.0,0.0
0.0,0.0,0.0,0.10999999940395355,7.880000114440918,-0.07999999821186066,-0.15000000596046448,1.690000057220459,0.0,25.899304151,0.0,0.0,0.0,0.0
0.0,0.0,0.0,0.10999999940395355,7.880000114440918,0.10999999940395355,0.09000000357627869,0.5099999904632568,0.0,25.999287605,0.0,0.0,0.0,0.0
0.0,0.0,0.0,0.10999999940395355,7.880000114440918,0.05000000074505806,-0.14000000059604645,1.659999966621399,0.0,26.099297285,0.0,0.0,0.0,0.0
0.0,0.0,0.0,0.10999999940395355,7.880000114440918,0.07000000029802322,0.07000000029802322,0.3400000035762787,0.0,26.19929409,0.0,0.0,0.0,0.0
0.0,0.0,0.0,0.10999999940395355,7.880000114440918,0.07000000029802322,-0.09000000357627869,1.7599999904632568,0.0,26.299300432,0.0,0.0,0.0,0.0
0.0,0.0,0.0,0.10999999940395355,7.880000114440918,0.029999999329447746,0.05999999865889549,0.23999999463558197,0.0,26.399295568,0.0,0.0,0.0,0.0
0.0,0.0,0.0,0.10999999940395355,7.880000114440918,0.019999999552965164,-0.05999999865889549,1.9199999570846558,0.0,26.499330044,0.0,0.0,0.0,0.0
0.0,0.0,0.0,0.10999999940395355,7.880000114440918,0.10999999940395355,0.05999999865889549,0.17000000178813934,0.0,26.599292517,0.0,0.0,0.0,0.0
0.0,0.0,0.0,0.10999999940395355,7.880000114440918,-0.0,-0.07999999821186066,2.259999990463257,0.0,26.699455499,0.0,0.0,0.0,0.0
0.0,0.0,0.0,0.10999999940395355,7.880000114440918,0.03999999910593033,-0.07999999821186066,-0.019999999552965164,0.0,26.799527406,0.0,0.0,0.0,0.0
0.0,0.0,0.0,0.10999999940395355,7.880000114440918,0.05999999865889549,0.10000000149011612,2.2200000286102295,0.0,26.899604082,0.0,0.0,0.0,0.0
0.0,0.0,0.0,0.10999999940395355,7.880000114440918,0.09000000357627869,-0.1899999976158142,0.10999999940395355,0.0,26.999665499,0.0,0.0,0.0,0.0
0.0,0.0,0.0,0.10999999940395355,7.880000114440918,0.029999999329447746,0.15000000596046448,1.7599999904632568,0.0,27.099548578,0.0,0.0,0.0,0.0
0.0,0.0,0.0,0.10999999940395355,7.880000114440918,0.029999999329447746,-0.18000000715255737,1.090000033378601,0.0,27.199448108,0.0,0.0,0.0,0.0
0.0,0.0,0.0,0.10999999940395355,7.880000114440918,0.07000000029802322,0.10999999940395355,0.2800000011920929,0.0,27.299542188,0.0,0.0,0.0,0.0
0.0,0.0,0.0,0.10999999940395355,7.880000114440918,0.05999999865889549,0.009999999776482582,2.240000009536743,0.0,27.3996315,0.0,0.0,0.0,0.0
0.0,0.0,0.0,0.10999999940395355,7.880000114440918,0.07999999821186066,-0.07999999821186066,-0.12999999523162842,0.0,27.49966979,0.0,0.0,0.0,0.0
0.0,0.0,0.0,0.10999999940395355,7.880000114440918,0.07000000029802322,0.12999999523162842,2.0199999809265137,0.0,27.599600553,0.0,0.0,0.0,0.0
0.0,0.0,0.0,0.10999999940395355,7.880000114440918,0.05000000074505806,-0.1899999976158142,1.090000033378601,0.0,27.699565649,0.0,0.0,0.0,0.0
0.0,0.0,0.0,0.10999999940395355,7.880000114440918,0.07999999821186066,0.009999999776482582,0.1599999964237213,0.0,27.799583196,0.0,0.0,0.0,0.0
0.0,0.0,0.0,0.10999999940395355,7.880000114440918,0.05999999865889549,0.03999999910593033,2.380000114440918,0.0,27.899434805,0.0,0.0,0.0,0.0
0.0,0.0,0.0,0.10999999940395355,7.880000114440918,0.029999999329447746,-0.1599999964237213,0.23999999463558197,0.0,27.999365091,0.0,0.0,0.0,0.0
0.0,0.0,0.0,0.10999999940395355,7.880000114440918,0.10000000149011612,0.23999999463558197,1.5399999618530273,0.0,28.099467754,0.0,0.0,0.0,0.0
0.0,0.0,0.0,0.10999999940395355,7.880000114440918,0.03999999910593033,-0.12999999523162842,1.6399999856948853,0.0,28.199397802,0.0,0.0,0.0,0.0
0.0,0.0,0.0,0.10999999940395355,7.880000114440918,0.10000000149011612,-0.03999999910593033,-0.10999999940395355,0.0,28.299391985,0.0,0.0,0.0,0.0
0.0,0.0,0.0,0.10999999940395355,7.880000114440918,0.03999999910593033,0.07999999821186066,2.509999990463257,0.0,28.399501562,0.0,0.0,0.0,0.0
0.0,0.0,0.0,0.10999999940395355,7.880000114440918,0.10999999940395355,-0.09000000357627869,0.3700000047683716,0.0,28.499432325,0.0,0.0,0.0,0.0
0.0,0.0,0.0,0.10999999940395355,7.880000114440918,0.23000000417232513,0.05999999865889549,0.8500000238418579,0.0,28.599502086,0.0,0.0,0.0,0.0
0.0,0.0,0.0,0.10999999940395355,7.880000114440918,-0.07000000029802322,-0.1599999964237213,2.390000104904175,0.0,28.699548006,0.0,0.0,0.0,0.0
0.0,0.0,0.0,0.10999999940395355,7.880000114440918,-0.029999999329447746,-0.05999999865889549,0.18000000715255737,0.0,28.799577713,0.0,0.0,0.0,0.0
0.0,0.0,0.0,0.10999999940395355,7.880000114440918,0.1599999964237213,0.2800000011920929,1.5299999713897705,0.0,28.899518251,0.0,0.0,0.0,0.0
0.0,0.0,0.0,0.10999999940395355,7.880000114440918,0.1599999964237213,0.2800000011920929,1.5299999713897705,0.0,28.999720573,0.0,0.0,0.0,0.0
0.0,0.0,0.0,0.10999999940395355,7.880000114440918,0.07999999821186066,0.009999999776482582,-0.25999999046325684,0.0,29.099525213,0.0,0.0,0.0,0.0
0.0,0.0,0.0,0.10999999940395355,7.880000114440918,0.09000000357627869,0.23000000417232513,2.059999942779541,0.0,29.199589252,0.0,0.0,0.0,0.0
0.0,0.0,0.0,0.10999999940395355,7.880000114440918,0.10999999940395355,-0.23999999463558197,1.1100000143051147,0.0,29.299410343,0.0,0.0,0.0,0.0
0.0,0.0,0.0,0.10999999940395355,7.880000114440918,-0.05999999865889549,0.029999999329447746,0.10000000149011612,0.0,29.39938879,0.0,0.0,0.0,0.0
0.0,0.0,0.0,0.10999999940395355,7.880000114440918,0.05999999865889549,-0.03999999910593033,2.299999952316284,0.0,29.499408483,0.0,0.0,0.0,0.0
0.0,0.0,0.0,0.10999999940395355,7.880000114440918,-0.009999999776482582,-0.20999999344348907,0.5600000023841858,0.0,29.599358558,0.0,0.0,0.0,0.0
0.0,0.0,0.0,0.10999999940395355,7.880000114440918,0.009999999776482582,0.029999999329447746,0.8500000238418579,0.0,29.699551582,0.0,0.0,0.0,0.0
0.0,0.0,0.0,0.10999999940395355,7.880000114440918,0.009999999776482582,-0.12999999523162842,2.180000066757202,0.0,29.799746275,0.0,0.0,0.0,0.0
0.0,0.0,0.0,0.10999999940395355,7.880000114440918,0.07000000029802322,-0.1599999964237213,0.019999999552965164,0.0,29.899772405,0.0,0.0,0.0,0.0
0.0,0.0,0.0,0.10999999940395355,7.880000114440918,0.14000000059604645,0.2199999988079071,1.5700000524520874,0.0,29.999826669,0.0,0.0,0.0,0.0
0.0,0.0,0.0,0.10999999940395355,7.880000114440918,0.009999999776482582,-0.09000000357627869,1.7799999713897705,0.0,30.099669933,0.0,0.0,0.0,0.0
0.0,0.0,0.0,0.10999999940395355,7.880000114440918,0.029999999329447746,-0.12999999523162842,-0.15000000596046448,0.0,30.19960618,0.0,0.0,0.0,0.0
0.0,0.0,0.0,0.10999999940395355,7.880000114440918,0.1599999964237213,0.10999999940395355,2.190000057220459,0.0,30.299605131,0.0,0.0,0.0,0.0
0.0,0.0,0.0,0.10999999940395355,7.880000114440918,0.07000000029802322,-0.15000000596046448,1.0,0.0,30.39959383,0.0,0.0,0.0,0.0
0.0,0.0,0.0,0.10999999940395355,7.880000114440918,0.009999999776482582,0.05999999865889549,0.15000000596046448,0.0,30.499574661,0.0,0.0,0.0,0.0
0.0,0.0,0.0,0.10999999940395355,7.880000114440918,0.0,0.0,2.619999885559082,0.0,30.599688291,0.0,0.0,0.0,0.0
0.0,0.0,0.0,0.10999999940395355,7.880000114440918,0.029999999329447746,-0.15000000596046448,0.3100000023841858,0.0,30.699382305,0.0,0.0,0.0,0.0
0.0,0.0,0.0,0.10999999940395355,7.880000114440918,0.05999999865889549,0.07999999821186066,0.6600000262260437,0.0,30.799385071,0.0,0.0,0.0,0.0
0.0,0.0,0.0,0.10999999940395355,7.880000114440918,0.009999999776482582,0.009999999776482582,2.319999933242798,0.0,30.899420023,0.0,0.0,0.0,0.0
0.0,0.0,0.0,0.10999999940395355,7.880000114440918,0.10999999940395355,-0.05999999865889549,-0.05999999865889549,0.0,30.999359131,0.0,0.0,0.0,0.0
0.0,0.0,0.0,0.10999999940395355,7.880000114440918,0.10999999940395355,0.14000000059604645,1.5199999809265137,0.0,31.099453687,0.0,0.0,0.0,0.0
0.0,0.0,0.0,0.10999999940395355,7.880000114440918,0.05999999865889549,-0.20000000298023224,1.5399999618530273,0.0,31.199338674,0.0,0.0,0.0,0.0
0.0,0.0,0.0,0.10999999940395355,7.880000114440918,0.03999999910593033,-0.009999999776482582,-0.23000000417232513,0.0,31.299313783,0.0,0.0,0.0,0.0
0.0,0.0,0.0,0.10999999940395355,7.880000114440918,0.07999999821186066,0.029999999329447746,2.440000057220459,0.0,31.39933896,0.0,0.0,0.0,0.0
0.0,0.0,0.0,0.10999999940395355,7.880000114440918,-0.03999999910593033,-0.25,0.6299999952316284,0.0,31.499341011,0.0,0.0,0.0,0.0
0.0,0.0,0.0,0.10999999940395355,7.880000114440918,0.029999999329447746,0.1599999964237213,0.7900000214576721,0.0,31.5993402,0.0,0.0,0.0,0.0
0.0,0.0,0.0,0.10999999940395355,7.880000114440918,-0.029999999329447746,-0.1599999964237213,1.690000057220459,0.0,31.699328661,0.0,0.0,0.0,0.0
0.0,0.0,0.0,0.10999999940395355,7.880000114440918,0.029999999329447746,0.05999999865889549,0.03999999910593033,0.0,31.799311876,0.0,0.0,0.0,0.0
0.0,0.0,0.0,0.10999999940395355,7.880000114440918,0.019999999552965164,0.009999999776482582,2.319999933242798,0.0,31.899328708,0.0,0.0,0.0,0.0
0.0,0.0,0.0,0.10999999940395355,7.880000114440918,0.18000000715255737,-0.11999999731779099,-0.5699999928474426,0.0,31.999330759,0.0,0.0,0.0,0.0
0.0,0.0,0.0,0.10999999940395355,7.880000114440918,0.009999999776482582,-0.1599999964237213,2.109999895095825,0.0,32.099339008,0.0,0.0,0.0,0.0
0.0,0.0,0.0,0.10999999940395355,7.880000114440918,0.17000000178813934,-0.36000001430511475,-0.7599999904632568,0.0,32.199342012,0.0,0.0,0.0,0.0
0.0,0.0,0.0,0.10999999940395355,7.880000114440918,-0.03999999910593033,-0.0,1.1399999856948853,0.0,32.299326658,0.0,0.0,0.0,0.0
0.0,0.0,0.0,0.10999999940395355,7.880000114440918,0.3100000023841858,0.009999999776482582,0.800000011920929,0.0,32.39931035,0.0,0.0,0.0,0.0
0.0,0.0,0.0,0.10999999940395355,7.880000114440918,0.009999999776482582,0.4099999964237213,1.4700000286102295,0.0,32.499313593,0.0,0.0,0.0,0.0
0.0,0.0,0.0,0.10999999940395355,7.880000114440918,0.14000000059604645,-0.17000000178813934,0.8399999737739563,0.0,32.599639416,0.0,0.0,0.0,0.0
0.0,0.0,0.0,0.10999999940395355,7.880000114440918,0.4300000071525574,0.30000001192092896,0.41999998688697815,0.0,32.699324846,0.0,0.0,0.0,0.0
0.0,0.0,0.0,0.10999999940395355,7.880000114440918,-0.019999999552965164,-0.1599999964237213,1.4299999475479126,0.0,32.799324512,0.0,0.0,0.0,0.0
0.0,0.0,0.0,0.10999999940395355,7.880000114440918,0.1599999964237213,0.12999999523162842,2.049999952316284,0.0,32.899341106,0.0,0.0,0.0,0.0
0.0,0.0,0.0,0.10999999940395355,7.880000114440918,-0.25,-0.23999999463558197,1.309999942779541,0.0,33.000535011,0.0,0.0,0.0,0.0
0.0,0.0,0.0,0.10999999940395355,7.880000114440918,-0.3400000035762787,0.20000000298023224,1.350000023841858,0.0,33.101102352,0.0,0.0,0.0,0.0
0.0,0.0,0.0,0.10999999940395355,7.880000114440918,-0.05999999865889549,0.029999999329447746,0.33000001311302185,0.0,33.199321031,0.0,0.0,0.0,0.0
0.0,0.0,0.0,0.10999999940395355,7.880000114440918,-0.6000000238418579,0.029999999329447746,1.6299999952316284,0.0,33.299313307,0.0,0.0,0.0,0.0
0.0,0.0,0.0,0.10999999940395355,7.880000114440918,0.4099999964237213,-0.07000000029802322,-0.6499999761581421,0.0,33.399329662,0.0,0.0,0.0,0.0
0.0,0.0,0.0,0.10999999940395355,7.880000114440918,-0.1599999964237213,0.029999999329447746,1.7699999809265137,0.0,33.499333858,0.0,0.0,0.0,0.0
0.0,0.0,0.0,0.10999999940395355,7.880000114440918,0.3499999940395355,-0.15000000596046448,0.019999999552965164,0.0,33.599341392,0.0,0.0,0.0,0.0
0.0,0.0,0.0,0.10999999940395355,7.880000114440918,0.029999999329447746,-0.019999999552965164,2.240000009536743,0.0,33.699326038,0.0,0.0,0.0,0.0
0.0,0.0,0.0,0.10999999940395355,7.880000114440918,-0.019999999552965164,0.4000000059604645,0.6600000262260437,0.0,33.799333811,0.0,0.0,0.0,0.0
0.0,0.0,0.0,0.10999999940395355,7.880000114440918,-0.10000000149011612,0.20999999344348907,1.909999966621399,0.0,33.899358749,0.0,0.0,0.0,0.0
0.0,0.0,0.0,0.10999999940395355,7.880000114440918,0.27000001072883606,-0.2199999988079071,0.3100000023841858,0.0,33.999306202,0.0,0.0,0.0,0.0
0.0,0.0,0.0,0.10999999940395355,7.880000114440918,0.07000000029802322,0.05999999865889549,1.9199999570846558,0.0,34.099326372,0.0,0.0,0.0,0.0
0.0,0.0,0.0,0.10999999940395355,7.880000114440918,0.12999999523162842,0.15000000596046448,1.409999966621399,0.0,34.199319124,0.0,0.0,0.0,0.0
0.0,0.0,0.0,0.10999999940395355,7.880000114440918,-0.9200000166893005,-0.5,-0.5899999737739563,0.05000000074505806,34.299315214,0.0,0.0,0.0,0.0
0.0,0.0,0.0,0.10999999940395355,7.880000114440918,1.2400000095367432,1.090000033378601,2.309999942779541,0.0,34.399305582,0.0,0.0,0.0,0.0
0.0,0.0,0.0,0.10999999940395355,7.880000114440918,-0.25,0.10999999940395355,3.1500000953674316,0.0,34.49932599,0.0,0.0,0.0,0.0
0.0,0.0,0.0,0.10999999940395355,7.880000114440918,0.1599999964237213,-0.15000000596046448,-0.3100000023841858,0.0,34.599335909,0.0,0.0,0.0,0.0
0.0,0.0,0.0,0.10999999940395355,7.880000114440918,0.019999999552965164,0.23999999463558197,1.7100000381469727,0.0,34.699388981,0.0,0.0,0.0,0.0
0.0,0.0,0.0,0.10999999940395355,7.880000114440918,-0.11999999731779099,-0.10999999940395355,0.4300000071525574,0.0,34.79932332,0.0,0.0,0.0,0.0
0.0,0.0,0.0,0.10999999940395355,7.880000114440918,0.1599999964237213,-0.23000000417232513,2.559999942779541,0.0,34.899329901,0.0,0.0,0.0,0.0
0.0,0.0,0.0,0.10999999940395355,7.880000114440918,-0.1899999976158142,0.23000000417232513,0.9200000166893005,0.0,34.999335289,0.0,0.0,0.0,0.0
0.0,0.0,0.0,0.10999999940395355,7.880000114440918,-0.009999999776482582,-0.36000001430511475,0.1899999976158142,0.0,35.099297762,0.0,0.0,0.0,0.0
0.0,0.0,0.0,0.10999999940395355,7.880000114440918,-0.03999999910593033,-0.8199999928474426,-3.140000104904175,0.0,35.199299335,0.0,0.0,0.0,0.0
0.0,0.0,0.0,0.10999999940395355,7.880000114440918,-0.07999999821186066,-1.2599999904632568,3.3399999141693115,0.0,35.299324751,0.0,0.0,0.0,0.0
0.0,0.0,0.0,0.10999999940395355,7.880000114440918,-0.07000000029802322,0.4399999976158142,-0.07000000029802322,0.0,35.399326563,0.0,0.0,0.0,0.0
0.0,0.0,0.0,0.10999999940395355,7.880000114440918,-0.3100000023841858,0.4699999988079071,3.0,0.0,35.49934864,0.0,0.0,0.0,0.0
0.0,0.0,0.0,0.10999999940395355,7.880000114440918,-0.019999999552965164,-0.15000000596046448,1.1399999856948853,0.0,35.599304676,0.0,0.0,0.0,0.0
0.0,0.0,0.0,0.10999999940395355,7.880000114440918,-0.10999999940395355,-0.6100000143051147,0.1599999964237213,0.0,35.699349165,0.0,0.0,0.0,0.0
0.0,0.0,0.0,0.10999999940395355,7.880000114440918,-0.46000000834465027,0.4099999964237213,3.130000114440918,0.0,35.799320221,0.0,0.0,0.0,0.0
0.0,0.0,0.0,0.10999999940395355,7.880000114440918,-0.05000000074505806,0.27000001072883606,0.03999999910593033,0.0,35.89933443,0.0,0.0,0.0,0.0
0.0,0.0,0.0,0.10999999940395355,7.880000114440918,-0.009999999776482582,0.11999999731779099,1.2200000286102295,0.0,35.99947977,0.0,0.0,0.0,0.0
0.0,0.0,0.0,0.10999999940395355,7.880000114440918,-0.029999999329447746,-0.46000000834465027,0.6299999952316284,0.0,36.099325418,0.0,0.0,0.0,0.0
0.0,0.0,0.0,0.10999999940395355,7.880000114440918,0.20999999344348907,-0.09000000357627869,2.369999885559082,0.0,36.199573517,0.0,0.0,0.0,0.0
0.0,0.0,0.0,0.10999999940395355,7.880000114440918,-0.0,0.03999999910593033,0.8500000238418579,0.0,36.299322605,0.0,0.0,0.0,0.0
0.0,0.0,0.0,0.10999999940395355,7.880000114440918,0.07999999821186066,-0.3199999928474426,1.6200000047683716,0.0,36.399321317,0.0,0.0,0.0,0.0
0.0,0.0,0.0,0.10999999940395355,7.880000114440918,0.699999988079071,-0.5400000214576721,1.6100000143051147,0.0,36.499314308,0.0,0.0,0.0,0.0
0.0,0.0,0.0,0.10999999940395355,7.880000114440918,0.18000000715255737,0.10000000149011612,1.409999966621399,0.05000000074505806,36.599329471,0.0,0.0,0.0,0.0
0.0,0.0,0.0,0.10999999940395355,7.880000114440918,-0.38999998569488525,-0.10000000149011612,1.7599999904632568,0.0,36.699351549,0.0,0.0,0.0,0.0
0.0,0.0,0.0,0.10999999940395355,7.880000114440918,0.25999999046325684,0.0,0.7099999785423279,0.0,36.7993083,0.0,0.0,0.0,0.0
0.0,0.0,0.0,0.10999999940395355,7.880000114440918,-0.05999999865889549,-0.3199999928474426,0.5600000023841858,0.0,36.899327993,0.0,0.0,0.0,0.0
0.0,0.0,0.0,0.10999999940395355,7.880000114440918,0.10999999940395355,-0.12999999523162842,0.9800000190734863,0.0,36.999320268,0.0,0.0,0.0,0.0
0.0,0.0,0.0,0.10999999940395355,7.880000114440918,0.07999999821186066,0.23000000417232513,1.4199999570846558,0.0,37.099316597,0.0,0.0,0.0,0.0
0.0,0.0,0.0,0.10999999940395355,7.880000114440918,-0.019999999552965164,-0.009999999776482582,-0.10999999940395355,0.0,37.199321031,0.0,0.0,0.0,0.0
0.0,0.0,0.0,0.10999999940395355,7.880000114440918,0.14000000059604645,0.05000000074505806,1.6799999475479126,0.0,37.299313068000004,0.0,0.0,0.0,0.0
0.0,0.0,0.0,0.10999999940395355,7.880000114440918,-0.07999999821186066,0.05999999865889549,1.4500000476837158,0.0,37.39931941,0.0,0.0,0.0,0.0
0.0,0.0,0.0,0.10999999940395355,7.880000114440918,0.10000000149011612,0.20999999344348907,0.6000000238418579,0.0,37.499362469,0.0,0.0,0.0,0.0
0.0,0.0,0.0,0.10999999940395355,7.880000114440918,-0.09000000357627869,-0.5699999928474426,0.5699999928474426,0.0,37.599329233,0.0,0.0,0.0,0.0
0.0,0.0,0.0,0.10999999940395355,7.880000114440918,0.0,-0.12999999523162842,0.4399999976158142,0.0,37.69933033,0.0,0.0,0.0,0.0
0.0,0.0,0.0,0.10999999940395355,7.880000114440918,-0.12999999523162842,0.019999999552965164,1.6399999856948853,0.0,37.799313068,0.0,0.0,0.0,0.0
0.0,0.0,0.0,0.10999999940395355,7.880000114440918,0.07000000029802322,-0.009999999776482582,-0.07000000029802322,0.0,37.899293423,0.0,0.0,0.0,0.0
0.0,0.0,0.0,0.10999999940395355,7.880000114440918,0.05999999865889549,0.10999999940395355,2.559999942779541,0.0,37.999311924,0.0,0.0,0.0,0.0
0.0,0.0,0.0,0.10999999940395355,7.880000114440918,0.05999999865889549,-0.05000000074505806,-0.019999999552965164,0.0,38.099316597,0.0,0.0,0.0,0.0
0.0,0.0,0.0,0.10999999940395355,7.880000114440918,0.019999999552965164,0.10999999940395355,2.319999933242798,0.0,38.199329376,0.0,0.0,0.0,0.0
0.0,0.0,0.0,0.10999999940395355,7.880000114440918,-0.029999999329447746,-0.10999999940395355,0.25999999046325684,0.0,38.299308538,0.0,0.0,0.0,0.0
0.0,0.0,0.0,0.10999999940395355,7.880000114440918,-0.03999999910593033,0.5600000023841858,2.5,0.0,38.399308443,0.0,0.0,0.0,0.0
0.0,0.0,0.0,0.10999999940395355,7.880000114440918,-0.12999999523162842,-0.28999999165534973,1.0199999809265137,0.0,38.499319553,0.0,0.0,0.0,0.0
0.0,0.0,0.0,0.10999999940395355,7.880000114440918,0.10999999940395355,-0.1599999964237213,1.2300000190734863,0.0,38.599314689,0.0,0.0,0.0,0.0
0.0,0.0,0.0,0.10999999940395355,7.880000114440918,-0.23000000417232513,0.3499999940395355,2.1600000858306885,0.0,38.699373483,0.0,0.0,0.0,0.0
0.0,0.0,0.0,0.10999999940395355,7.880000114440918,-0.23000000417232513,0.20999999344348907,0.1599999964237213,0.0,38.799307823,0.0,0.0,0.0,0.0
0.0,0.0,0.0,0.10999999940395355,7.880000114440918,-0.029999999329447746,-0.23000000417232513,1.5,0.0,38.899314403,0.0,0.0,0.0,0.0
0.0,0.0,0.0,0.10999999940395355,7.880000114440918,0.18000000715255737,-0.1899999976158142,0.0,0.0,38.999330282,0.0,0.0,0.0,0.0
0.0,0.0,0.0,0.10999999940395355,7.880000114440918,0.009999999776482582,-0.10000000149011612,2.369999885559082,0.0,39.09930706,0.0,0.0,0.0,0.0
0.0,0.0,0.0,0.10999999940395355,7.880000114440918,-0.03999999910593033,-0.09000000357627869,-0.009999999776482582,0.0,39.199316501,0.0,0.0,0.0,0.0
0.0,0.0,0.0,0.10999999940395355,7.880000114440918,0.09000000357627869,0.23000000417232513,2.180000066757202,0.0,39.299306869,0.0,0.0,0.0,0.0
0.0,0.0,0.0,0.10999999940395355,7.880000114440918,-0.23999999463558197,0.029999999329447746,0.25999999046325684,0.0,39.399317741,0.0,0.0,0.0,0.0
0.0,0.0,0.0,0.10999999940395355,7.880000114440918,0.4000000059604645,0.03999999910593033,1.6799999475479126,0.0,39.499299526,0.0,0.0,0.0,0.0
0.0,0.0,0.0,0.10999999940395355,7.880000114440918,-0.019999999552965164,-0.14000000059604645,1.409999966621399,0.0,39.599310636,0.0,0.0,0.0,0.0
0.0,0.0,0.0,0.10999999940395355,7.880000114440918,0.05000000074505806,0.09000000357627869,0.41999998688697815,0.0,39.699308395,0.0,0.0,0.0,0.0
0.0,0.0,0.0,0.10999999940395355,7.880000114440918,0.27000001072883606,0.07999999821186066,2.380000114440918,0.0,39.79931426,0.0,0.0,0.0,0.0
0.0,0.0,0.0,0.10999999940395355,7.880000114440918,0.1899999976158142,-0.1599999964237213,-0.18000000715255737,0.0,39.899321079,0.0,0.0,0.0,0.0
0.0,0.0,0.0,0.10999999940395355,7.880000114440918,-0.0,-0.07000000029802322,2.3299999237060547,0.0,39.999346733,0.0,0.0,0.0,0.0
0.0,0.0,0.0,0.10999999940395355,7.880000114440918,0.009999999776482582,-0.10999999940395355,-0.05000000074505806,0.0,40.099335909,0.0,0.0,0.0,0.0
0.0,0.0,0.0,0.10999999940395355,7.880000114440918,0.1599999964237213,0.05000000074505806,2.0999999046325684,0.0,40.199317455,0.0,0.0,0.0,0.0
0.0,0.0,0.0,0.10999999940395355,7.880000114440918,-0.09000000357627869,-0.28999999165534973,0.699999988079071,0.0,40.299316644,0.0,0.0,0.0,0.0
0.0,0.0,0.0,0.10999999940395355,7.880000114440918,0.05000000074505806,0.18000000715255737,1.0099999904632568,0.0,40.399344682,0.0,0.0,0.0,0.0
0.0,0.0,0.0,0.10999999940395355,7.880000114440918,-0.12999999523162842,0.4000000059604645,2.559999942779541,0.0,40.499313116,0.0,0.0,0.0,0.0
0.0,0.0,0.0,0.10999999940395355,7.880000114440918,-0.15000000596046448,0.2199999988079071,0.11999999731779099,0.0,40.608951568,0.0,0.0,0.0,0.0
0.0,0.0,0.0,0.10999999940395355,7.880000114440918,-0.09000000357627869,0.07999999821186066,1.2000000476837158,0.0,40.699309826,0.0,0.0,0.0,0.0
0.0,0.0,0.0,0.10999999940395355,7.880000114440918,-0.28999999165534973,-0.25,2.0199999809265137,0.0,40.799311638,0.0,0.0,0.0,0.0
0.0,0.0,0.0,0.10999999940395355,7.880000114440918,0.3199999928474426,0.20000000298023224,1.350000023841858,0.0,40.89931941,0.0,0.0,0.0,0.0
0.0,0.0,0.0,0.10999999940395355,7.880000114440918,0.18000000715255737,-0.07000000029802322,0.9900000095367432,0.0,40.999305963,0.0,0.0,0.0,0.0
0.0,0.0,0.0,0.10999999940395355,7.880000114440918,0.10999999940395355,0.009999999776482582,2.049999952316284,0.0,41.099293232,0.0,0.0,0.0,0.0
0.0,0.0,0.0,0.10999999940395355,7.880000114440918,-0.009999999776482582,-0.1599999964237213,0.5899999737739563,0.0,41.199306965,0.0,0.0,0.0,0.0
0.0,0.0,0.0,0.10999999940395355,7.880000114440918,0.009999999776482582,0.07000000029802322,0.8899999856948853,0.0,41.299304962,0.0,0.0,0.0,0.0
0.0,0.0,0.0,0.10999999940395355,7.880000114440918,-0.0,-0.05999999865889549,1.5,0.0,41.399309873,0.0,0.0,0.0,0.0
0.0,0.0,0.0,0.10999999940395355,7.880000114440918,0.03999999910593033,-0.07999999821186066,0.15000000596046448,0.0,41.499350309,0.0,0.0,0.0,0.0
0.0,0.0,0.0,0.10999999940395355,7.880000114440918,0.10000000149011612,0.07000000029802322,1.8899999856948853,0.0,41.599315405,0.0,0.0,0.0,0.0
0.0,0.0,0.0,0.10999999940395355,7.880000114440918,0.019999999552965164,-0.09000000357627869,0.23999999463558197,0.0,41.699315071,0.0,0.0,0.0,0.0
0.0,0.0,0.0,0.10999999940395355,7.880000114440918,0.18000000715255737,0.07999999821186066,1.9199999570846558,0.0,41.80005455,0.0,0.0,0.0,0.0
0.0,0.0,0.0,0.10999999940395355,7.880000114440918,0.029999999329447746,-0.28999999165534973,-0.3700000047683716,0.0,41.89931488,0.0,0.0,0.0,0.0
0.0,0.0,0.0,0.10999999940395355,7.880000114440918,-0.05999999865889549,0.14000000059604645,1.100000023841858,0.0,41.999325514,0.0,0.0,0.0,0.0
0.0,0.0,0.0,0.10999999940395355,7.880000114440918,-0.03999999910593033,-0.10000000149011612,1.4700000286102295,0.0,42.099326134,0.0,0.0,0.0,0.0
0.0,0.0,0.0,0.10999999940395355,7.880000114440918,0.009999999776482582,-0.11999999731779099,1.0,0.0,42.199314356,0.0,0.0,0.0,0.0
0.0,0.0,0.0,0.10999999940395355,7.880000114440918,-0.03999999910593033,0.10999999940395355,1.3899999856948853,0.0,42.299316644,0.0,0.0,0.0,0.0
0.0,0.0,0.0,0.10999999940395355,7.880000114440918,0.009999999776482582,-0.029999999329447746,0.14000000059604645,0.0,42.399304151,0.0,0.0,0.0,0.0
0.0,0.0,0.0,0.10999999940395355,7.880000114440918,0.07000000029802322,0.14000000059604645,2.2100000381469727,0.0,42.499307871,0.0,0.0,0.0,0.0
0.0,0.0,0.0,0.10999999940395355,7.880000114440918,0.11999999731779099,-0.17000000178813934,0.2800000011920929,0.0,42.599313974,0.0,0.0,0.0,0.0
0.0,0.0,0.0,0.10999999940395355,7.880000114440918,-0.009999999776482582,0.03999999910593033,1.7300000190734863,0.0,42.699304819,0.0,0.0,0.0,0.0
0.0,0.0,0.0,0.10999999940395355,7.880000114440918,0.07000000029802322,-0.25,0.3400000035762787,0.0,42.799302578,0.0,0.0,0.0,0.0
0.0,0.0,0.0,0.10999999940395355,7.880000114440918,0.05000000074505806,0.05000000074505806,1.600000023841858,0.0,42.899291992,0.0,0.0,0.0,0.0
0.0,0.0,0.0,0.10999999940395355,7.880000114440918,0.05000000074505806,-0.20999999344348907,0.9200000166893005,0.0,42.999294996,0.0,0.0,0.0,0.0
0.0,0.0,0.0,0.10999999940395355,7.880000114440918,0.009999999776482582,0.05000000074505806,1.4199999570846558,0.0,43.099301815,0.0,0.0,0.0,0.0
0.0,0.0,0.0,0.10999999940395355,7.880000114440918,0.019999999552965164,-0.23000000417232513,1.1100000143051147,0.0,43.199301481,0.0,0.0,0.0,0.0
0.0,0.0,0.0,0.10999999940395355,7.880000114440918,0.019999999552965164,0.05999999865889549,0.9800000190734863,0.0,43.299294472,0.0,0.0,0.0,0.0
0.0,0.0,0.0,0.10999999940395355,7.880000114440918,-0.05000000074505806,-0.2199999988079071,1.1299999952316284,0.0,43.399303675,0.0,0.0,0.0,0.0
0.0,0.0,0.0,0.10999999940395355,7.880000114440918,0.11999999731779099,-0.05000000074505806,0.5,0.0,43.499324083,0.0,0.0,0.0,0.0
0.0,0.0,0.0,0.10999999940395355,7.880000114440918,-0.10999999940395355,-0.05000000074505806,1.559999942779541,0.0,43.599417448,0.0,0.0,0.0,0.0
0.0,0.0,0.0,0.10999999940395355,7.880000114440918,0.12999999523162842,-0.03999999910593033,0.4399999976158142,0.0,43.699552297,0.0,0.0,0.0,0.0
0.0,0.0,0.0,0.10999999940395355,7.880000114440918,-0.10000000149011612,0.03999999910593033,1.8200000524520874,0.0,43.799557686,0.0,0.0,0.0,0.0
0.0,0.0,0.0,0.10999999940395355,7.880000114440918,0.07000000029802322,-0.20000000298023224,0.9599999785423279,0.0,43.899608612,0.0,0.0,0.0,0.0
0.0,0.0,0.0,0.10999999940395355,7.880000114440918,0.05000000074505806,0.25,1.1100000143051147,0.0,43.999660969,0.0,0.0,0.0,0.0
0.0,0.0,0.0,0.10999999940395355,7.880000114440918,-0.009999999776482582,0.14000000059604645,2.1500000953674316,0.0,44.099718571,0.0,0.0,0.0,0.0
0.0,0.0,0.0,0.10999999940395355,7.880000114440918,0.15000000596046448,-0.12999999523162842,0.18000000715255737,0.0,44.199562788,0.0,0.0,0.0,0.0
0.0,0.0,0.0,0.10999999940395355,7.880000114440918,0.05999999865889549,0.029999999329447746,0.9200000166893005,0.0,44.299506187,0.0,0.0,0.0,0.0
0.0,0.0,0.0,0.10999999940395355,7.880000114440918,-0.05000000074505806,-0.1599999964237213,1.2699999809265137,0.0,44.399575949,0.0,0.0,0.0,0.0
0.0,0.0,0.0,0.10999999940395355,7.880000114440918,0.10000000149011612,-0.12999999523162842,0.3499999940395355,0.0,44.499555826,0.0,0.0,0.0,0.0
0.0,0.0,0.0,0.10999999940395355,7.880000114440918,-0.12999999523162842,0.18000000715255737,2.180000066757202,0.0,44.599512815,0.0,0.0,0.0,0.0
0.0,0.0,0.0,0.10999999940395355,7.880000114440918,-0.09000000357627869,-0.10999999940395355,1.2699999809265137,0.0,44.699380398,0.0,0.0,0.0,0.0
0.0,0.0,0.0,0.10999999940395355,7.880000114440918,0.12999999523162842,-0.009999999776482582,0.10999999940395355,0.0,44.799418926,0.0,0.0,0.0,0.0
0.0,0.0,0.0,0.10999999940395355,7.880000114440918,0.11999999731779099,0.05999999865889549,2.0799999237060547,0.0,44.89933896,0.0,0.0,0.0,0.0
0.0,0.0,0.0,0.10999999940395355,7.880000114440918,0.0,-0.23000000417232513,-0.12999999523162842,0.0,44.999497652,0.0,0.0,0.0,0.0
0.0,0.0,0.0,0.10999999940395355,7.880000114440918,0.07000000029802322,0.12999999523162842,1.4600000381469727,0.0,45.099643469,0.0,0.0,0.0,0.0
0.0,0.0,0.0,0.10999999940395355,7.880000114440918,0.019999999552965164,-0.10999999940395355,1.9700000286102295,0.0,45.199575186,0.0,0.0,0.0,0.0
0.0,0.0,0.0,0.10999999940395355,7.880000114440918,0.03999999910593033,-0.11999999731779099,-0.1599999964237213,0.0,45.299552202,0.0,0.0,0.0,0.0
0.0,0.0,0.0,0.10999999940395355,7.880000114440918,0.019999999552965164,0.10000000149011612,2.049999952316284,0.0,45.400371074,0.0,0.0,0.0,0.0
0.0,0.0,0.0,0.10999999940395355,7.880000114440918,0.07999999821186066,-0.12999999523162842,1.309999942779541,0.0,45.499998808,0.0,0.0,0.0,0.0
0.0,0.0,0.0,0.10999999940395355,7.880000114440918,0.0,0.03999999910593033,-0.17000000178813934,0.0,45.59965539,0.0,0.0,0.0,0.0
0.0,0.0,0.0,0.10999999940395355,7.880000114440918,-0.009999999776482582,0.07999999821186066,2.430000066757202,0.0,45.69954896,0.0,0.0,0.0,0.0
0.0,0.0,0.0,0.10999999940395355,7.880000114440918,-0.009999999776482582,-0.23999999463558197,0.699999988079071,0.0,45.799442529,0.0,0.0,0.0,0.0
0.0,0.0,0.0,0.10999999940395355,7.880000114440918,0.07999999821186066,-0.03999999910593033,0.18000000715255737,0.0,45.899374962,0.0,0.0,0.0,0.0
0.0,0.0,0.0,0.10999999940395355,7.880000114440918,-0.029999999329447746,-0.019999999552965164,2.490000009536743,0.0,45.999274492,0.0,0.0,0.0,0.0
0.0,0.0,0.0,0.10999999940395355,7.880000114440918,0.03999999910593033,-0.1599999964237213,0.029999999329447746,0.0,46.099369049,0.0,0.0,0.0,0.0
0.0,0.0,0.0,0.10999999940395355,7.880000114440918,0.03999999910593033,0.15000000596046448,0.8399999737739563,0.0,46.199476242,0.0,0.0,0.0,0.0
0.0,0.0,0.0,0.10999999940395355,7.880000114440918,-0.009999999776482582,-0.009999999776482582,2.25,0.0,46.299385071,0.0,0.0,0.0,0.0
0.0,0.0,0.0,0.10999999940395355,7.880000114440918,0.019999999552965164,-0.10999999940395355,-0.23999999463558197,0.0,46.399596453,0.0,0.0,0.0,0.0
0.0,0.0,0.0,0.10999999940395355,7.880000114440918,0.10999999940395355,0.12999999523162842,1.8899999856948853,0.0,46.499712944,0.0,0.0,0.0,0.0
0.0,0.0,0.0,0.10999999940395355,7.880000114440918,-0.07000000029802322,-0.1899999976158142,1.7300000190734863,0.0,46.599668264,0.0,0.0,0.0,0.0
0.0,0.0,0.0,0.10999999940395355,7.880000114440918,0.009999999776482582,-0.10000000149011612,-0.2800000011920929,0.0,46.699795484,0.0,0.0,0.0,0.0
0.0,0.0,0.0,0.10999999940395355,7.880000114440918,-0.019999999552965164,0.17000000178813934,2.140000104904175,0.0,46.799639463,0.0,0.0,0.0,0.0
0.0,0.0,0.0,0.10999999940395355,7.880000114440918,0.03999999910593033,-0.23000000417232513,1.1200000047683716,0.0,46.899725914,0.0,0.0,0.0,0.0
0.0,0.0,0.0,0.10999999940395355,7.880000114440918,0.0,0.009999999776482582,-0.20000000298023224,0.0,47.000208616,0.0,0.0,0.0,0.0
0.0,0.0,0.0,0.10999999940395355,7.880000114440918,0.019999999552965164,0.05000000074505806,2.5199999809265137,0.0,47.099952936,0.0,0.0,0.0,0.0
0.0,0.0,0.0,0.10999999940395355,7.880000114440918,0.019999999552965164,-0.20999999344348907,0.6700000166893005,0.0,47.199599743,0.0,0.0,0.0,0.0
0.0,0.0,0.0,0.10999999940395355,7.880000114440918,0.019999999552965164,0.09000000357627869,0.03999999910593033,0.0,47.299431085,0.0,0.0,0.0,0.0
0.0,0.0,0.0,0.10999999940395355,7.880000114440918,0.05000000074505806,0.07999999821186066,2.4100000858306885,0.0,47.399339437,0.0,0.0,0.0,0.0
0.0,0.0,0.0,0.10999999940395355,7.880000114440918,-0.009999999776482582,-0.23999999463558197,0.4399999976158142,0.0,47.499361038,0.0,0.0,0.0,0.0
0.0,0.0,0.0,0.10999999940395355,7.880000114440918,0.10000000149011612,0.10000000149011612,0.7599999904632568,0.0,47.599309206,0.0,0.0,0.0,0.0
0.0,0.0,0.0,0.10999999940395355,7.880000114440918,-0.009999999776482582,-0.10000000149011612,2.2699999809265137,0.0,47.699385166,0.0,0.0,0.0,0.0
0.0,0.0,0.0,0.10999999940395355,7.880000114440918,0.05000000074505806,-0.10000000149011612,-0.07999999821186066,0.0,47.800474644,0.0,0.0,0.0,0.0
0.0,0.0,0.0,0.10999999940395355,7.880000114440918,0.07000000029802322,0.15000000596046448,1.7799999713897705,0.0,47.899331808,0.0,0.0,0.0,0.0
0.0,0.0,0.0,0.10999999940395355,7.880000114440918,0.019999999552965164,-0.23000000417232513,1.2400000095367432,0.0,47.999326944,0.0,0.0,0.0,0.0
0.0,0.0,0.0,0.10999999940395355,7.880000114440918,0.009999999776482582,0.10000000149011612,0.4099999964237213,0.0,48.09930563,0.0,0.0,0.0,0.0
0.0,0.0,0.0,0.10999999940395355,7.880000114440918,-0.07999999821186066,-0.03999999910593033,2.200000047683716,0.0,48.199321508,0.0,0.0,0.0,0.0
0.0,0.0,0.0,0.10999999940395355,7.880000114440918,0.019999999552965164,-0.03999999910593033,-0.10999999940395355,0.0,48.299317837,0.0,0.0,0.0,0.0
0.0,0.0,0.0,0.10999999940395355,7.880000114440918,0.0,0.05999999865889549,2.309999942779541,0.0,48.399306059,0.0,0.0,0.0,0.0
0.0,0.0,0.0,0.10999999940395355,7.880000114440918,0.019999999552965164,-0.20000000298023224,0.3199999928474426,0.0,48.499315977,0.0,0.0,0.0,0.0
0.0,0.0,0.0,0.10999999940395355,7.880000114440918,0.03999999910593033,0.20999999344348907,1.7699999809265137,0.0,48.599312782,0.0,0.0,0.0,0.0
0.0,0.0,0.0,0.10999999940395355,7.880000114440918,0.029999999329447746,-0.20000000298023224,1.149999976158142,0.0,48.699583769,0.0,0.0,0.0,0.0
0.0,0.0,0.0,0.10999999940395355,7.880000114440918,0.07999999821186066,0.07999999821186066,0.41999998688697815,0.0,48.799322605,0.0,0.0,0.0,0.0
0.0,0.0,0.0,0.10999999940395355,7.880000114440918,-0.03999999910593033,-0.17000000178813934,2.049999952316284,0.0,48.899314403,0.0,0.0,0.0,0.0
0.0,0.0,0.0,0.10999999940395355,7.880000114440918,0.07000000029802322,-0.009999999776482582,-0.07999999821186066,0.0,48.999394893,0.0,0.0,0.0,0.0
0.0,0.0,0.0,0.10999999940395355,7.880000114440918,-0.07000000029802322,0.009999999776482582,2.4200000762939453,0.0,49.099436044,0.0,0.0,0.0,0.0
0.0,0.0,0.0,0.10999999940395355,7.880000114440918,0.07999999821186066,-0.09000000357627869,-0.019999999552965164,0.0,49.19933033,0.0,0.0,0.0,0.0
0.0,0.0,0.0,0.10999999940395355,7.880000114440918,0.05999999865889549,0.09000000357627869,2.0999999046325684,0.0,49.299325943,0.0,0.0,0.0,0.0
0.0,0.0,0.0,0.10999999940395355,7.880000114440918,0.05999999865889549,-0.1899999976158142,0.5600000023841858,0.0,49.399331808,0.0,0.0,0.0,0.0
0.0,0.0,0.0,0.10999999940395355,7.880000114440918,0.03999999910593033,0.1899999976158142,1.399999976158142,0.0,49.499341249,0.0,0.0,0.0,0.0
0.0,0.0,0.0,0.10999999940395355,7.880000114440918,0.07999999821186066,-0.20999999344348907,1.0499999523162842,0.0,49.599363088,0.0,0.0,0.0,0.0
0.0,0.0,0.0,0.10999999940395355,7.880000114440918,0.009999999776482582,0.11999999731779099,0.8100000023841858,0.0,49.699307203,0.0,0.0,0.0,0.0
0.0,0.0,0.0,0.10999999940395355,7.880000114440918,0.029999999329447746,-0.11999999731779099,1.6299999952316284,0.0,49.799305916,0.0,0.0,0.0,0.0
0.0,0.0,0.0,0.10999999940395355,7.880000114440918,0.05999999865889549,0.019999999552965164,0.05000000074505806,0.0,49.899317503,0.0,0.0,0.0,0.0
0.0,0.0,0.0,0.10999999940395355,7.880000114440918,-0.009999999776482582,-0.11999999731779099,2.2100000381469727,0.0,49.999313831,0.0,0.0,0.0,0.0
0.0,0.0,0.0,0.10999999940395355,7.880000114440918,0.019999999552965164,-0.009999999776482582,-0.12999999523162842,0.0,50.099323988,0.0,0.0,0.0,0.0
0.0,0.0,0.0,0.10999999940395355,7.880000114440918,0.019999999552965164,0.05999999865889549,2.430000066757202,0.0,50.199327946,0.0,0.0,0.0,0.0
0.0,0.0,0.0,0.10999999940395355,7.880000114440918,0.11999999731779099,-0.18000000715255737,0.23000000417232513,0.0,50.299329757,0.0,0.0,0.0,0.0
0.0,0.0,0.0,0.10999999940395355,7.880000114440918,-0.07000000029802322,0.10000000149011612,2.069999933242798,0.0,50.399353504,0.0,0.0,0.0,0.0
0.0,0.0,0.0,0.10999999940395355,7.880000114440918,0.009999999776482582,-0.25,0.5099999904632568,0.0,50.499304294,0.0,0.0,0.0,0.0
0.0,0.0,0.0,0.10999999940395355,7.880000114440918,0.05000000074505806,0.1599999964237213,1.2899999618530273,0.0,50.599314213,0.0,0.0,0.0,0.0
0.0,0.0,0.0,0.10999999940395355,7.880000114440918,-0.029999999329447746,-0.18000000715255737,1.4700000286102295,0.0,50.699314594,0.0,0.0,0.0,0.0
0.0,0.0,0.0,0.10999999940395355,7.880000114440918,-0.009999999776482582,0.15000000596046448,0.4699999988079071,0.0,50.799301863,0.0,0.0,0.0,0.0
0.0,0.0,0.0,0.10999999940395355,7.880000114440918,0.0,-0.14000000059604645,1.9800000190734863,0.0,50.899315357,0.0,0.0,0.0,0.0
0.0,0.0,0.0,0.10999999940395355,7.880000114440918,-0.009999999776482582,-0.15000000596046448,-0.019999999552965164,0.0,50.999361992,0.0,0.0,0.0,0.0
0.0,0.0,0.0,0.10999999940395355,7.880000114440918,0.15000000596046448,0.019999999552965164,2.319999933242798,0.0,51.09945488,0.0,0.0,0.0,0.0
0.0,0.0,0.0,0.10999999940395355,7.880000114440918,0.07000000029802322,-0.09000000357627869,0.05000000074505806,0.0,51.199378252,0.0,0.0,0.0,0.0
0.0,0.0,0.0,0.10999999940395355,7.880000114440918,-0.10000000149011612,0.2199999988079071,2.1600000858306885,0.0,51.299315214,0.0,0.0,0.0,0.0
0.0,0.0,0.0,0.10999999940395355,7.880000114440918,0.009999999776482582,-0.17000000178813934,0.4000000059604645,0.0,51.39932394,0.0,0.0,0.0,0.0
0.0,0.0,0.0,0.10999999940395355,7.880000114440918,0.15000000596046448,0.07999999821186066,1.3600000143051147,0.0,51.499330997,0.0,0.0,0.0,0.0
0.0,0.0,0.0,0.10999999940395355,7.880000114440918,-0.05999999865889549,-0.2199999988079071,1.3700000047683716,0.0,51.599324465,0.0,0.0,0.0,0.0
0.0,0.0,0.0,0.10999999940395355,7.880000114440918,0.0,0.15000000596046448,0.6700000166893005,0.0,51.699329138,0.0,0.0,0.0,0.0
0.0,0.0,0.0,0.10999999940395355,7.880000114440918,-0.12999999523162842,0.05999999865889549,1.909999966621399,0.0,51.799331426,0.0,0.0,0.0,0.0
0.0,0.0,0.0,0.10999999940395355,7.880000114440918,0.029999999329447746,-0.11999999731779099,0.7599999904632568,0.0,51.899318456,0.0,0.0,0.0,0.0
0.0,0.0,0.0,0.10999999940395355,7.880000114440918,0.15000000596046448,-0.1599999964237213,2.180000066757202,0.0,52.000505209,0.0,0.0,0.0,0.0
0.0,0.0,0.0,0.10999999940395355,7.880000114440918,-0.05999999865889549,-0.11999999731779099,-0.15000000596046448,0.0,52.099332571,0.0,0.0,0.0,0.0
0.0,0.0,0.0,0.10999999940395355,7.880000114440918,0.2199999988079071,0.14000000059604645,2.2699999809265137,0.0,52.199357033,0.0,0.0,0.0,0.0
0.0,0.0,0.0,0.10999999940395355,7.880000114440918,0.15000000596046448,-0.23000000417232513,0.3199999928474426,0.0,52.29942441,0.0,0.0,0.0,0.0
0.0,0.0,0.0,0.10999999940395355,7.880000114440918,0.10000000149011612,0.18000000715255737,1.559999942779541,0.0,52.399321794,0.0,0.0,0.0,0.0
0.0,0.0,0.0,0.10999999940395355,7.880000114440918,0.03999999910593033,-0.23000000417232513,0.5699999928474426,0.0,52.499320268,0.0,0.0,0.0,0.0
0.0,0.0,0.0,0.10999999940395355,7.880000114440918,0.10999999940395355,0.07999999821186066,1.2799999713897705,0.0,52.599356174,0.0,0.0,0.0,0.0
0.0,0.0,0.0,0.10999999940395355,7.880000114440918,-0.07999999821186066,-0.20999999344348907,1.1399999856948853,0.0,52.699314594,0.0,0.0,0.0,0.0
0.0,0.0,0.0,0.10999999940395355,7.880000114440918,0.10999999940395355,-0.05000000074505806,1.1799999475479126,0.0,52.799322367,0.0,0.0,0.0,0.0
0.0,0.0,0.0,0.10999999940395355,7.880000114440918,0.019999999552965164,-0.029999999329447746,1.6799999475479126,0.0,52.899338245,0.0,0.0,0.0,0.0
0.0,0.0,0.0,0.10999999940395355,7.880000114440918,0.07999999821186066,-0.09000000357627869,1.3600000143051147,0.0,52.999364853,0.0,0.0,0.0,0.0
0.0,0.0,0.0,0.10999999940395355,7.880000114440918,0.03999999910593033,0.029999999329447746,1.6299999952316284,0.0,53.099307537,0.0,0.0,0.0,0.0
0.0,0.0,0.0,0.10999999940395355,7.880000114440918,0.12999999523162842,-0.019999999552965164,0.9900000095367432,0.0,53.199308634,0.0,0.0,0.0,0.0
0.0,0.0,0.0,0.10999999940395355,7.880000114440918,-0.05000000074505806,0.07000000029802322,1.6299999952316284,0.0,53.2993083,0.0,0.0,0.0,0.0
0.0,0.0,0.0,0.10999999940395355,7.880000114440918,-0.05000000074505806,-0.10999999940395355,0.6499999761581421,0.0,53.399307012,0.0,0.0,0.0,0.0
0.0,0.0,0.0,0.10999999940395355,7.880000114440918,0.09000000357627869,0.14000000059604645,1.4600000381469727,0.0,53.499315977,0.0,0.0,0.0,0.0
0.0,0.0,0.0,0.10999999940395355,7.880000114440918,0.05999999865889549,-0.1599999964237213,1.0700000524520874,0.0,53.599318266,0.0,0.0,0.0,0.0
0.0,0.0,0.0,0.10999999940395355,7.880000114440918,0.029999999329447746,-0.029999999329447746,0.9300000071525574,0.0,53.699318886,0.0,0.0,0.0,0.0
0.0,0.0,0.0,0.10999999940395355,7.880000114440918,0.05000000074505806,-0.07999999821186066,1.5700000524520874,0.0,53.799309015,0.0,0.0,0.0,0.0
0.0,0.0,0.0,0.10999999940395355,7.880000114440918,0.11999999731779099,-0.12999999523162842,0.9399999976158142,0.0,53.899307012,0.0,0.0,0.0,0.0
0.0,0.0,0.0,0.10999999940395355,7.880000114440918,-0.0,0.0,1.809999942779541,0.0,53.999316215,0.0,0.0,0.0,0.0
0.0,0.0,0.0,0.10999999940395355,7.880000114440918,0.20000000298023224,0.03999999910593033,0.7799999713897705,0.0,54.099329233,0.0,0.0,0.0,0.0
0.0,0.0,0.0,0.10999999940395355,7.880000114440918,0.05000000074505806,0.12999999523162842,2.130000114440918,0.0,54.199353933,0.0,0.0,0.0,0.0
0.0,0.0,0.0,0.10999999940395355,7.880000114440918,-0.05000000074505806,-0.2199999988079071,0.6600000262260437,0.0,54.299321651,0.0,0.0,0.0,0.0
0.0,0.0,0.0,0.10999999940395355,7.880000114440918,0.0,-0.0,1.2100000381469727,0.0,54.399315357,0.0,0.0,0.0,0.0
0.0,0.0,0.0,0.10999999940395355,7.880000114440918,0.0,-0.09000000357627869,1.1799999475479126,0.0,54.499316692,0.0,0.0,0.0,0.0
0.0,0.0,0.0,0.10999999940395355,7.880000114440918,0.0,-0.05999999865889549,1.690000057220459,0.0,54.599308014,0.0,0.0,0.0,0.0
0.0,0.0,0.0,0.10999999940395355,7.880000114440918,0.029999999329447746,-0.07999999821186066,0.25,0.0,54.699330091,0.0,0.0,0.0,0.0
0.0,0.0,0.0,0.10999999940395355,7.880000114440918,0.0,-0.10999999940395355,0.6000000238418579,0.0,54.799309253,0.0,0.0,0.0,0.0
0.0,0.0,0.0,0.10999999940395355,7.880000114440918,-0.10999999940395355,0.05999999865889549,2.1600000858306885,0.0,54.899342298,0.0,0.0,0.0,0.0
0.0,0.0,0.0,0.10999999940395355,7.880000114440918,-0.009999999776482582,-0.09000000357627869,0.4099999964237213,0.0,54.999358892,0.0,0.0,0.0,0.0
0.0,0.0,0.0,0.10999999940395355,7.880000114440918,0.3799999952316284,0.029999999329447746,-0.7300000190734863,0.0,55.09934783,0.0,0.0,0.0,0.0
0.0,0.0,0.0,0.10999999940395355,7.880000114440918,-0.17000000178813934,-0.03999999910593033,0.4099999964237213,0.0,55.199345827,0.0,0.0,0.0,0.0
0.0,0.0,0.0,0.10999999940395355,7.880000114440918,0.5199999809265137,0.009999999776482582,0.27000001072883606,0.0,55.299333572,0.0,0.0,0.0,0.0
0.0,0.0,0.0,0.10999999940395355,7.880000114440918,-0.550000011920929,-0.3100000023841858,0.6299999952316284,0.0,55.399293899,0.0,0.0,0.0,0.0
0.0,0.0,0.0,0.10999999940395355,7.880000114440918,0.23000000417232513,0.23000000417232513,-0.18000000715255737,0.0,55.499328136,0.0,0.0,0.0,0.0
0.0,0.0,0.0,0.10999999940395355,7.880000114440918,-0.20000000298023224,0.05999999865889549,1.1399999856948853,0.0,55.599464893,0.0,0.0,0.0,0.0
0.0,0.0,0.0,0.10999999940395355,7.880000114440918,-0.03999999910593033,-0.03999999910593033,0.5,0.0,55.69951868,0.0,0.0,0.0,0.0
0.0,0.0,0.0,0.10999999940395355,7.880000114440918,0.11999999731779099,0.18000000715255737,1.9700000286102295,0.0,55.799474001,0.0,0.0,0.0,0.0
0.0,0.0,0.0,0.10999999940395355,7.880000114440918,-0.019999999552965164,-0.05999999865889549,1.2200000286102295,0.0,55.899364233,0.0,0.0,0.0,0.0
0.0,0.0,0.0,0.10999999940395355,7.880000114440918,0.009999999776482582,-0.11999999731779099,0.6499999761581421,0.0,55.9994421,0.0,0.0,0.0,0.0
0.0,0.0,0.0,0.10999999940395355,7.880000114440918,-0.20999999344348907,0.15000000596046448,1.0800000429153442,0.0,56.099658012,0.0,0.0,0.0,0.0
0.0,0.0,0.0,0.10999999940395355,7.880000114440918,0.949999988079071,0.05999999865889549,-0.3799999952316284,0.0,56.199584484,0.0,0.0,0.0,0.0
0.0,0.0,0.0,0.10999999940395355,7.880000114440918,1.0499999523162842,0.38999998569488525,-1.0800000429153442,0.05000000074505806,56.299566507,0.0,0.0,0.0,0.0
0.0,0.0,0.0,0.10999999940395355,7.880000114440918,1.0499999523162842,0.38999998569488525,-1.0800000429153442,0.05000000074505806,56.401178121,0.0,0.0,0.0,0.0
0.0,0.0,0.0,0.10999999940395355,7.880000114440918,0.20999999344348907,0.019999999552965164,0.6200000047683716,0.0,56.499583483,0.0,0.0,0.0,0.0
0.0,0.0,0.0,0.10999999940395355,7.880000114440918,-0.09000000357627869,-0.05000000074505806,1.2999999523162842,0.0,56.599494934,0.0,0.0,0.0,0.0
0.0,0.0,0.0,0.10999999940395355,7.880000114440918,0.2199999988079071,0.17000000178813934,1.7899999618530273,0.0,56.699550628,0.0,0.0,0.0,0.0
0.0,0.0,0.0,0.10999999940395355,7.880000114440918,0.2199999988079071,0.17000000178813934,1.7899999618530273,0.0,56.802713632,0.0,0.0,0.0,0.0
0.0,0.0,0.0,0.10999999940395355,7.880000114440918,0.019999999552965164,0.47999998927116394,1.1399999856948853,0.0,56.899573087,0.0,0.0,0.0,0.0
0.0,0.0,0.0,0.10999999940395355,7.880000114440918,-0.12999999523162842,-0.07999999821186066,0.949999988079071,0.0,56.999534845,0.0,0.0,0.0,0.0
0.0,0.0,0.0,0.10999999940395355,7.880000114440918,0.029999999329447746,0.12999999523162842,0.7099999785423279,0.0,57.099447727,0.0,0.0,0.0,0.0
0.0,0.0,0.0,0.10999999940395355,7.880000114440918,0.14000000059604645,0.15000000596046448,1.9600000381469727,0.0,57.199323416,0.0,0.0,0.0,0.0
0.0,0.0,0.0,0.10999999940395355,7.880000114440918,-0.18000000715255737,0.03999999910593033,0.2199999988079071,0.0,57.299316168,0.0,0.0,0.0,0.0
0.0,0.0,0.0,0.10999999940395355,7.880000114440918,0.5099999904632568,0.12999999523162842,2.9700000286102295,0.0,57.39931345,0.0,0.0,0.0,0.0
0.0,0.0,0.0,0.10999999940395355,7.880000114440918,1.5399999618530273,-0.3499999940395355,5.5,0.0,57.499299049,0.0,0.0,0.0,0.0
0.0,0.0,0.0,0.10999999940395355,7.880000114440918,-0.6399999856948853,0.0,1.2400000095367432,0.0,57.599276066,0.0,0.0,0.0,0.0
0.0,0.0,0.0,0.10999999940395355,7.880000114440918,0.10999999940395355,-0.019999999552965164,1.399999976158142,0.0,57.699310541,0.0,0.0,0.0,0.0
0.0,0.0,0.0,0.10999999940395355,7.880000114440918,-0.7799999713897705,0.8500000238418579,1.8600000143051147,0.0,57.799298048,0.0,0.0,0.0,0.0
0.0,0.0,0.0,0.10999999940395355,7.880000114440918,-0.33000001311302185,-0.7099999785423279,-1.5199999809265137,0.0,57.899307966,0.0,0.0,0.0,0.0
0.0,0.0,0.0,0.10999999940395355,7.880000114440918,0.1899999976158142,0.23999999463558197,0.75,0.0,57.999305248,0.0,0.0,0.0,0.0
0.0,0.0,0.0,0.10999999940395355,7.880000114440918,0.6100000143051147,0.38999998569488525,2.559999942779541,0.0,58.099323749,0.0,0.0,0.0,0.0
0.0,0.0,0.0,0.10999999940395355,7.880000114440918,-0.20000000298023224,0.18000000715255737,1.0399999618530273,0.0,58.19930911,0.0,0.0,0.0,0.0
0.0,0.0,0.0,0.10999999940395355,7.880000114440918,0.05000000074505806,0.09000000357627869,1.9500000476837158,0.0,58.299314022,0.0,0.0,0.0,0.0
0.0,0.0,0.0,0.10999999940395355,7.880000114440918,0.029999999329447746,0.15000000596046448,0.27000001072883606,0.0,58.399316072,0.0,0.0,0.0,0.0
0.0,0.0,0.0,0.10999999940395355,7.880000114440918,0.029999999329447746,-0.07999999821186066,1.0099999904632568,0.0,58.499318838,0.0,0.0,0.0,0.0
0.0,0.0,0.0,0.10999999940395355,7.880000114440918,-0.1599999964237213,-0.20999999344348907,1.0299999713897705,0.0,58.599290609,0.0,0.0,0.0,0.0
0.0,0.0,0.0,0.10999999940395355,7.880000114440918,0.07999999821186066,0.14000000059604645,0.3400000035762787,0.0,58.699299335,0.0,0.0,0.0,0.0
0.0,0.0,0.0,0.10999999940395355,7.880000114440918,-0.18000000715255737,0.10999999940395355,0.6100000143051147,0.0,58.79934144,0.0,0.0,0.0,0.0
0.0,0.0,0.0,0.10999999940395355,7.880000114440918,0.2199999988079071,0.05999999865889549,0.18000000715255737,0.0,58.899290323,0.0,0.0,0.0,0.0
0.0,0.0,0.0,0.10999999940395355,7.880000114440918,0.0,0.019999999552965164,1.7400000095367432,0.0,58.999288082,0.0,0.0,0.0,0.0
0.0,0.0,0.0,0.10999999940395355,7.880000114440918,-0.20999999344348907,-0.20000000298023224,0.8700000047683716,0.0,59.099285364,0.0,0.0,0.0,0.0
0.0,0.0,0.0,0.10999999940395355,7.880000114440918,-0.36000001430511475,-0.27000001072883606,1.6399999856948853,0.0,59.199313164,0.0,0.0,0.0,0.0
0.0,0.0,0.0,0.10999999940395355,7.880000114440918,-0.03999999910593033,-0.07000000029802322,0.7599999904632568,0.0,59.299408912,0.0,0.0,0.0,0.0
0.0,0.0,0.0,0.10999999940395355,7.880000114440918,0.15000000596046448,-0.12999999523162842,-1.350000023841858,0.0,59.399507046,0.0,0.0,0.0,0.0
0.0,0.0,0.0,0.10999999940395355,7.880000114440918,0.17000000178813934,0.3100000023841858,4.090000152587891,0.0,59.499572754,0.0,0.0,0.0,0.0
0.0,0.0,0.0,0.10999999940395355,7.880000114440918,-0.1899999976158142,-0.14000000059604645,1.840000033378601,0.0,59.599540472,0.0,0.0,0.0,0.0
0.0,0.0,0.0,0.10999999940395355,7.880000114440918,-0.03999999910593033,0.10000000149011612,0.6299999952316284,0.0,59.699630499,0.0,0.0,0.0,0.0
0.0,0.0,0.0,0.10999999940395355,7.880000114440918,0.03999999910593033,-0.07000000029802322,1.9199999570846558,0.0,59.799499512,0.0,0.0,0.0,0.0
0.0,0.0,0.0,0.10999999940395355,7.880000114440918,0.28999999165534973,-0.5299999713897705,0.949999988079071,0.0,59.899263143,0.0,0.0,0.0,0.0
0.0,0.0,0.0,0.10999999940395355,7.880000114440918,-0.14000000059604645,0.019999999552965164,1.7000000476837158,0.0,59.999327421,0.0,0.0,0.0,0.0
